date,ridership Barrie,total_train_trips Barrie
2019-01-01,1149,25
2019-01-02,10297,36
2019-01-03,11395,36
2019-01-04,9762,36
2019-01-05,1549,25
2019-01-06,1069,25
2019-01-07,14903,34
2019-01-08,14964,36
2019-01-09,14815,34
2019-01-10,14835,36
2019-01-11,13334,36
2019-01-12,1554,25
2019-01-13,996,25
2019-01-14,15389,36
2019-01-15,15829,36
2019-01-16,15423,36
2019-01-17,15124,36
2019-01-18,13051,36
2019-01-19,1717,25
2019-01-20,1274,24
2019-01-21,13444,28
2019-01-22,15422,36
2019-01-23,15174,34
2019-01-24,15383,36
2019-01-25,13486,36
2019-01-26,1465,25
2019-01-27,1199,25
2019-01-28,15130,36
2019-01-29,10782,36
2019-01-30,15438,36
2019-01-31,14838,35
2019-02-01,12863,36
2019-02-02,1575,25
2019-02-03,1357,25
2019-02-04,15212,36
2019-02-05,15370,34
2019-02-06,14145,36
2019-02-07,14963,36
2019-02-08,13104,36
2019-02-09,1431,25
2019-02-10,1074,25
2019-02-11,15364,36
2019-02-12,9689,36
2019-02-13,14474,36
2019-02-14,15304,36
2019-02-15,12762,36
2019-02-16,1751,25
2019-02-17,1438,25
2019-02-18,1522,25
2019-02-19,14493,34
2019-02-20,14423,36
2019-02-21,14076,36
2019-02-22,12662,36
2019-02-23,2079,25
2019-02-24,1391,25
2019-02-25,13821,34
2019-02-26,15151,36
2019-02-27,14433,36
2019-02-28,14607,36
2019-03-01,13143,36
2019-03-02,1682,25
2019-03-03,1483,25
2019-03-04,14840,33
2019-03-05,15336,36
2019-03-06,15049,36
2019-03-07,14753,36
2019-03-08,13152,36
2019-03-09,1604,25
2019-03-10,1277,26
2019-03-11,14004,36
2019-03-12,14145,36
2019-03-13,13955,35
2019-03-14,13628,36
2019-03-15,11757,36
2019-03-16,2089,25
2019-03-17,1549,25
2019-03-18,14759,36
2019-03-19,14815,36
2019-03-20,14856,36
2019-03-21,14669,36
2019-03-22,12871,36
2019-03-23,1723,25
2019-03-24,1423,25
2019-03-25,15211,36
2019-03-26,15339,36
2019-03-27,15357,36
2019-03-28,15203,36
2019-03-29,13219,36
2019-03-30,1972,25
2019-03-31,1391,25
2019-04-01,15139,36
2019-04-02,15220,35
2019-04-03,15081,36
2019-04-04,14662,34
2019-04-05,12878,36
2019-04-06,1937,25
2019-04-07,1370,25
2019-04-08,14869,36
2019-04-09,15003,35
2019-04-10,14648,36
2019-04-11,14451,36
2019-04-12,12280,36
2019-04-13,2316,25
2019-04-14,1174,25
2019-04-15,14398,36
2019-04-16,14647,36
2019-04-17,14701,36
2019-04-18,13356,32
2019-04-19,1442,25
2019-04-20,1667,25
2019-04-21,1779,25
2019-04-22,10697,36
2019-04-23,13023,29
2019-04-24,14626,36
2019-04-25,14138,36
2019-04-26,12085,36
2019-04-27,1882,24
2019-04-28,1587,25
2019-04-29,14004,36
2019-04-30,14327,36
2019-05-01,13880,36
2019-05-02,13808,36
2019-05-03,12278,36
2019-05-04,1805,25
2019-05-05,1450,25
2019-05-06,14296,36
2019-05-07,14615,34
2019-05-08,14564,36
2019-05-09,14252,36
2019-05-10,12760,36
2019-05-11,2469,25
2019-05-12,2011,25
2019-05-13,14359,36
2019-05-14,14879,36
2019-05-15,14471,36
2019-05-16,8856,25
2019-05-17,11503,36
2019-05-18,1676,25
2019-05-19,1730,25
2019-05-20,1751,25
2019-05-21,14804,36
2019-05-22,14624,36
2019-05-23,14668,36
2019-05-24,12541,36
2019-05-25,2317,25
2019-05-26,2063,25
2019-05-27,14362,36
2019-05-28,14643,32
2019-05-29,14630,36
2019-05-30,14426,36
2019-05-31,12570,36
2019-06-01,1583,25
2019-06-02,1667,25
2019-06-03,14161,36
2019-06-04,14599,36
2019-06-05,14269,36
2019-06-06,14515,36
2019-06-07,12438,34
2019-06-08,2147,25
2019-06-09,1795,25
2019-06-10,14006,36
2019-06-11,14392,36
2019-06-12,14749,36
2019-06-13,14117,36
2019-06-14,12308,36
2019-06-17,19119,36
2019-06-18,14832,36
2019-06-19,14642,36
2019-06-20,14168,36
2019-06-21,12423,36
2019-06-22,2487,25
2019-06-23,2566,25
2019-06-24,14304,36
2019-06-25,14743,36
2019-06-26,13297,34
2019-06-27,13793,36
2019-06-28,11157,36
2019-06-29,2734,26
2019-06-30,2339,26
2019-07-01,2526,27
2019-07-02,13606,36
2019-07-03,13761,35
2019-07-04,13822,36
2019-07-05,11861,36
2019-07-06,2456,25
2019-07-07,2466,25
2019-07-08,13541,30
2019-07-09,14272,34
2019-07-10,14358,36
2019-07-11,13996,36
2019-07-12,12163,36
2019-07-13,2472,25
2019-07-14,2135,25
2019-07-15,14083,36
2019-07-16,14530,36
2019-07-17,14108,35
2019-07-18,14108,36
2019-07-19,12065,36
2019-07-20,2307,27
2019-07-21,2139,25
2019-07-22,14101,34
2019-07-23,14621,36
2019-07-24,14499,36
2019-07-25,14101,35
2019-07-26,12218,36
2019-07-27,3405,25
2019-07-28,2527,25
2019-07-29,14013,36
2019-07-30,14296,36
2019-07-31,14174,36
2019-08-01,13905,36
2019-08-02,10646,36
2019-08-03,3458,25
2019-08-04,2564,25
2019-08-05,2068,26
2019-08-06,13350,36
2019-08-07,13617,36
2019-08-08,13307,32
2019-08-09,11693,36
2019-08-10,3033,25
2019-08-11,2659,25
2019-08-12,13732,36
2019-08-13,14369,34
2019-08-14,14510,36
2019-08-15,13895,36
2019-08-16,12218,36
2019-08-17,2873,25
2019-08-18,2622,25
2019-08-19,13631,36
2019-08-20,14210,36
2019-08-21,13997,36
2019-08-22,13791,34
2019-08-23,12227,36
2019-08-24,4121,25
2019-08-25,2792,25
2019-08-26,13469,36
2019-08-27,13677,36
2019-08-28,13836,36
2019-08-29,13100,36
2019-08-30,10564,36
2019-08-31,3396,25
2019-09-01,2589,25
2019-09-02,2106,25
2019-09-03,13858,36
2019-09-04,15968,36
2019-09-05,15971,36
2019-09-06,13991,36
2019-09-07,2032,25
2019-09-08,1183,25
2019-09-09,16112,36
2019-09-10,16474,36
2019-09-11,16194,36
2019-09-12,16240,36
2019-09-13,14157,36
2019-09-14,2340,25
2019-09-15,1787,25
2019-09-16,16255,36
2019-09-17,16484,36
2019-09-18,16326,36
2019-09-19,16803,36
2019-09-20,14084,36
2019-09-23,15719,36
2019-09-24,15534,35
2019-09-25,16473,36
2019-09-26,16168,36
2019-09-27,14438,36
2019-09-28,3078,25
2019-09-29,2324,25
2019-09-30,15892,36
2019-10-01,16192,36
2019-10-02,16264,36
2019-10-03,16172,36
2019-10-04,14145,36
2019-10-05,2231,25
2019-10-06,1510,25
2019-10-07,16272,36
2019-10-08,16667,36
2019-10-09,15981,34
2019-10-10,16205,36
2019-10-11,13229,36
2019-10-12,2062,25
2019-10-13,1941,24
2019-10-14,2116,25
2019-10-15,15593,36
2019-10-16,13551,31
2019-10-17,14547,33
2019-10-18,13437,36
2019-10-19,2415,25
2019-10-20,1842,25
2019-10-21,15399,36
2019-10-22,16231,36
2019-10-23,15989,36
2019-10-24,15839,36
2019-10-25,13785,36
2019-10-26,2309,25
2019-10-27,1507,25
2019-10-28,16048,36
2019-10-29,16467,36
2019-10-30,16334,36
2019-10-31,15245,34
2019-11-01,13719,34
2019-11-02,1789,25
2019-11-03,1409,25
2019-11-04,16108,34
2019-11-05,16390,36
2019-11-06,15981,35
2019-11-07,16087,36
2019-11-08,13538,36
2019-11-09,2401,25
2019-11-10,1733,25
2019-11-11,11102,36
2019-11-12,16407,32
2019-11-13,16149,32
2019-11-14,16146,36
2019-11-15,13662,36
2019-11-16,1997,25
2019-11-17,2354,25
2019-11-18,15431,29
2019-11-19,16379,36
2019-11-20,16339,36
2019-11-21,15997,36
2019-11-22,13680,36
2019-11-23,2197,25
2019-11-24,1584,25
2019-11-25,16073,36
2019-11-26,16553,36
2019-11-27,16052,36
2019-11-28,15485,36
2019-11-29,13015,36
2019-11-30,2430,25
2019-12-01,2012,25
2019-12-02,14773,36
2019-12-03,16094,36
2019-12-04,15862,36
2019-12-05,15376,36
2019-12-06,13019,36
2019-12-07,2433,25
2019-12-08,1597,25
2019-12-09,15319,36
2019-12-10,15868,36
2019-12-11,15407,36
2019-12-12,14444,33
2019-12-13,12659,36
2019-12-14,2449,25
2019-12-15,1633,25
2019-12-16,14117,36
2019-12-17,14582,36
2019-12-18,13866,33
2019-12-19,13362,36
2019-12-20,11119,36
2019-12-21,2444,25
2019-12-22,2237,25
2019-12-23,8674,34
2019-12-24,4695,32
2019-12-25,1061,25
2019-12-26,1878,25
2019-12-27,4157,36
2019-12-28,2374,25
2019-12-29,1847,25
2019-12-30,6352,36
2019-12-31,8041,56
2020-01-01,1347,25
2020-01-02,9179,36
2020-01-03,8583,36
2020-01-04,2145,25
2020-01-05,1265,25
2020-01-06,15789,36
2020-01-07,15757,36
2020-01-08,15717,36
2020-01-09,15449,36
2020-01-10,13605,36
2020-01-11,1654,25
2020-01-12,1510,25
2020-01-13,16085,36
2020-01-14,15327,31
2020-01-15,15864,33
2020-01-16,16116,36
2020-01-17,13448,36
2020-01-18,2266,25
2020-01-19,1526,25
2020-01-20,15502,34
2020-01-21,16309,36
2020-01-22,16294,36
2020-01-23,16113,36
2020-01-24,13372,35
2020-01-25,1956,25
2020-01-26,1452,25
2020-01-27,15764,36
2020-01-28,16034,36
2020-01-29,15742,36
2020-01-30,15532,36
2020-01-31,12773,31
2020-02-01,2109,25
2020-02-02,1503,25
2020-02-03,15729,36
2020-02-04,15961,36
2020-02-05,15860,34
2020-02-06,14852,36
2020-02-07,13086,34
2020-02-08,1557,20
2020-02-09,1269,26
2020-02-10,15325,36
2020-02-11,15486,36
2020-02-12,15486,34
2020-02-13,15226,36
2020-02-14,11780,31
2020-02-15,1330,15
2020-02-16,1654,25
2020-02-17,1909,25
2020-02-18,14725,36
2020-02-19,14681,36
2020-02-20,14507,36
2020-02-21,12339,36
2020-02-22,2324,25
2020-02-23,1827,25
2020-02-24,15345,36
2020-02-25,15385,33
2020-02-26,14484,36
2020-02-27,12935,36
2020-02-28,12671,34
2020-02-29,1920,25
2020-03-01,1263,25
2020-03-02,15406,36
2020-03-03,15565,36
2020-03-04,15393,36
2020-03-05,14757,36
2020-03-06,12943,36
2020-03-07,1905,25
2020-03-08,1271,25
2020-03-09,14382,36
2020-03-10,14520,36
2020-03-11,13921,34
2020-03-12,12601,36
2020-03-13,8682,36
2020-03-14,747,25
2020-03-15,573,25
2020-03-16,3841,36
2020-03-17,2260,36
2020-03-18,1363,30
2020-03-19,1084,30
2020-03-20,888,31
2020-03-21,129,25
2020-03-22,115,25
2020-03-23,686,29
2020-03-24,575,30
2020-03-25,468,28
2020-03-26,459,28
2020-03-27,412,30
2020-03-28,79,22
2020-03-29,65,23
2020-03-30,397,30
2020-03-31,410,30
2020-04-01,399,30
2020-04-02,389,30
2020-04-03,333,29
2020-04-04,56,24
2020-04-05,50,22
2020-04-06,318,24
2020-04-07,333,29
2020-04-08,298,27
2020-04-09,311,24
2020-04-10,65,22
2020-04-11,53,24
2020-04-12,53,24
2020-04-13,213,25
2020-04-14,288,25
2020-04-15,276,25
2020-04-16,287,23
2020-04-17,276,26
2020-04-18,60,23
2020-04-19,49,21
2020-04-20,298,25
2020-04-21,281,26
2020-04-22,288,26
2020-04-23,315,26
2020-04-24,270,25
2020-04-25,72,22
2020-04-26,71,24
2020-04-27,278,25
2020-04-28,300,26
2020-04-29,289,25
2020-04-30,285,25
2020-05-01,306,25
2020-05-02,83,24
2020-05-03,95,21
2020-05-04,301,25
2020-05-05,321,26
2020-05-06,306,25
2020-05-07,292,24
2020-05-08,265,26
2020-05-09,76,23
2020-05-10,87,25
2020-05-11,291,26
2020-05-12,349,25
2020-05-13,267,12
2020-05-14,275,12
2020-05-15,266,12
2020-05-19,332,12
2020-05-20,312,12
2020-05-21,320,12
2020-05-22,309,12
2020-05-25,346,12
2020-05-26,365,12
2020-05-27,332,12
2020-05-28,330,12
2020-05-29,300,12
2020-06-01,350,12
2020-06-02,331,10
2020-06-03,365,11
2020-06-04,376,12
2020-06-05,348,12
2020-06-08,416,12
2020-06-09,427,12
2020-06-10,389,12
2020-06-11,397,12
2020-06-12,403,12
2020-06-15,457,12
2020-06-16,425,12
2020-06-17,413,12
2020-06-18,410,12
2020-06-19,408,12
2020-06-22,393,12
2020-06-23,376,10
2020-06-24,375,12
2020-06-25,386,12
2020-06-26,412,12
2020-06-29,469,12
2020-06-30,482,12
2020-07-02,455,12
2020-07-03,415,12
2020-07-06,476,12
2020-07-07,469,12
2020-07-08,196,6
2020-07-09,481,12
2020-07-10,443,12
2020-07-13,493,12
2020-07-14,526,12
2020-07-15,507,12
2020-07-16,504,12
2020-07-17,491,12
2020-07-20,443,12
2020-07-21,442,12
2020-07-22,427,12
2020-07-23,445,12
2020-07-24,479,12
2020-07-27,449,12
2020-07-28,438,12
2020-07-29,450,12
2020-07-30,529,12
2020-07-31,515,12
2020-08-04,444,12
2020-08-05,484,12
2020-08-06,507,12
2020-08-07,527,12
2020-08-10,530,12
2020-08-11,526,12
2020-08-12,879,12
2020-08-13,916,12
2020-08-14,818,12
2020-08-17,880,12
2020-08-18,935,12
2020-08-19,941,12
2020-08-20,1003,12
2020-08-21,905,12
2020-08-24,922,12
2020-08-25,1009,12
2020-08-26,978,12
2020-08-27,989,12
2020-08-28,876,12
2020-08-31,945,12
2020-09-01,1021,12
2020-09-02,969,12
2020-09-03,1087,12
2020-09-04,980,12
2020-09-08,1362,29
2020-09-09,1340,29
2020-09-10,1336,29
2020-09-11,1432,29
2020-09-12,595,29
2020-09-13,509,29
2020-09-14,1313,29
2020-09-15,1341,29
2020-09-16,1396,29
2020-09-17,1408,29
2020-09-18,1346,28
2020-09-19,552,27
2020-09-20,535,29
2020-09-21,1332,29
2020-09-22,1393,29
2020-09-23,1360,29
2020-09-24,1415,29
2020-09-25,1352,29
2020-09-26,630,29
2020-09-27,574,29
2020-09-28,1284,29
2020-09-29,1363,29
2020-09-30,1289,29
2020-10-01,1373,29
2020-10-02,1244,29
2020-10-03,527,29
2020-10-04,391,29
2020-10-05,1262,29
2020-10-06,1274,29
2020-10-07,1294,29
2020-10-08,1405,29
2020-10-09,1347,29
2020-10-10,591,29
2020-10-11,490,29
2020-10-12,544,29
2020-10-13,1310,29
2020-10-14,1283,29
2020-10-15,1315,29
2020-10-16,1173,29
2020-10-17,473,29
2020-10-18,349,29
2020-10-19,1216,29
2020-10-20,1264,29
2020-10-21,1181,29
2020-10-22,1227,29
2020-10-23,1198,29
2020-10-24,480,29
2020-10-25,417,29
2020-10-26,1195,29
2020-10-27,1252,29
2020-10-28,1324,29
2020-10-29,1291,29
2020-10-30,1236,29
2020-10-31,543,29
2020-11-01,429,29
2020-11-02,1276,29
2020-11-03,1311,29
2020-11-04,1223,23
2020-11-05,1323,29
2020-11-06,1273,28
2020-11-07,547,29
2020-11-08,504,29
2020-11-09,1248,29
2020-11-10,1345,27
2020-11-11,1146,29
2020-11-12,1326,29
2020-11-13,1251,29
2020-11-14,465,29
2020-11-15,371,29
2020-11-16,1175,29
2020-11-17,1226,29
2020-11-18,1186,29
2020-11-19,1257,29
2020-11-20,1182,29
2020-11-21,392,28
2020-11-22,396,28
2020-11-23,1053,29
2020-11-24,1090,29
2020-11-25,1077,29
2020-11-26,1095,29
2020-11-27,1036,29
2020-11-30,1064,29
2020-12-01,1110,29
2020-12-02,1090,29
2020-12-03,1097,29
2020-12-04,1070,29
2020-12-05,289,29
2020-12-06,266,28
2020-12-07,1063,29
2020-12-08,1039,28
2020-12-09,1074,28
2020-12-10,1086,28
2020-12-11,1062,28
2020-12-12,275,29
2020-12-13,248,27
2020-12-14,1003,28
2020-12-15,1070,28
2020-12-16,1049,28
2020-12-17,1067,28
2020-12-18,972,28
2020-12-19,268,29
2020-12-20,246,28
2020-12-21,880,29
2020-12-22,855,29
2020-12-23,828,29
2020-12-24,554,29
2020-12-25,192,29
2020-12-26,277,29
2020-12-27,198,20
2020-12-28,258,28
2020-12-29,572,29
2020-12-30,582,29
2020-12-31,478,28
2021-01-01,180,28
2021-01-02,217,29
2021-01-03,217,29
2021-01-04,841,28
2021-01-05,889,29
2021-01-06,872,29
2021-01-07,890,29
2021-01-08,867,29
2021-01-09,220,29
2021-01-10,211,29
2021-01-11,939,29
2021-01-12,932,29
2021-01-13,940,29
2021-01-14,821,29
2021-01-15,729,29
2021-01-16,191,28
2021-01-17,149,28
2021-01-18,730,29
2021-01-19,810,29
2021-01-20,751,29
2021-01-21,788,29
2021-01-22,756,29
2021-01-25,742,21
2021-01-26,778,21
2021-01-27,758,21
2021-01-28,718,21
2021-01-29,690,21
2021-02-01,728,21
2021-02-02,725,21
2021-02-03,714,21
2021-02-04,763,21
2021-02-05,715,21
2021-02-08,716,21
2021-02-09,742,21
2021-02-10,720,21
2021-02-11,738,21
2021-02-12,702,21
2021-02-16,744,21
2021-02-17,798,21
2021-02-18,813,21
2021-02-19,760,21
2021-02-22,825,21
2021-02-23,807,21
2021-02-24,825,21
2021-02-25,830,21
2021-02-26,832,21
2021-03-01,797,17
2021-03-02,822,21
2021-03-03,817,21
2021-03-04,820,21
2021-03-05,766,21
2021-03-08,873,21
2021-03-09,937,21
2021-03-10,888,21
2021-03-11,933,21
2021-03-12,880,21
2021-03-15,545,17
2021-03-16,942,21
2021-03-17,900,21
2021-03-18,913,19
2021-03-19,851,21
2021-03-22,917,21
2021-03-23,919,21
2021-03-24,944,21
2021-03-25,959,21
2021-03-26,840,21
2021-03-29,889,21
2021-03-30,942,21
2021-03-31,887,21
2021-04-01,951,21
2021-04-05,661,21
2021-04-06,896,21
2021-04-07,847,21
2021-04-08,794,21
2021-04-09,749,21
2021-04-12,762,21
2021-04-13,757,21
2021-04-14,790,21
2021-04-15,750,21
2021-04-16,675,21
2021-04-19,708,21
2021-04-20,700,21
2021-04-21,678,21
2021-04-22,675,21
2021-04-23,651,21
2021-04-26,684,21
2021-04-27,723,21
2021-04-28,713,21
2021-04-29,707,21
2021-04-30,649,19
2021-05-03,738,21
2021-05-04,756,21
2021-05-05,720,21
2021-05-06,750,21
2021-05-07,722,21
2021-05-10,760,21
2021-05-11,783,21
2021-05-12,761,21
2021-05-13,776,21
2021-05-14,728,21
2021-05-17,775,21
2021-05-18,796,21
2021-05-19,774,21
2021-05-20,758,20
2021-05-21,790,19
2021-05-25,844,21
2021-05-26,799,21
2021-05-27,836,21
2021-05-28,740,17
2021-05-31,829,21
2021-06-01,835,21
2021-06-02,865,21
2021-06-03,863,21
2021-06-04,856,21
2021-06-07,852,19
2021-06-08,882,21
2021-06-09,955,21
2021-06-10,993,21
2021-06-11,941,21
2021-06-14,881,19
2021-06-15,1008,21
2021-06-16,994,21
2021-06-17,1055,21
2021-06-18,1000,21
2021-06-21,1024,21
2021-06-22,1087,21
2021-06-23,1070,21
2021-06-24,1073,21
2021-06-25,965,18
2021-06-28,1057,19
2021-06-29,1076,21
2021-06-30,1183,21
2021-07-02,815,21
2021-07-05,1116,19
2021-07-06,1120,19
2021-07-07,1133,21
2021-07-08,1113,21
2021-07-09,1186,21
2021-07-10,432,10
2021-07-11,350,10
2021-07-12,1146,21
2021-07-13,1221,21
2021-07-14,1284,21
2021-07-15,1253,21
2021-07-16,1225,21
2021-07-17,398,10
2021-07-18,428,10
2021-07-19,1229,21
2021-07-20,1246,21
2021-07-21,1349,21
2021-07-22,1301,21
2021-07-23,1323,21
2021-07-24,469,10
2021-07-25,486,10
2021-07-26,1281,21
2021-07-27,1335,21
2021-07-28,1389,21
2021-07-29,1345,21
2021-07-30,1440,21
2021-07-31,580,10
2021-08-01,462,10
2021-08-02,603,10
2021-08-03,1355,18
2021-08-04,1520,21
2021-08-05,1484,20
2021-08-06,1418,21
2021-08-09,1589,29
2021-08-10,1578,29
2021-08-11,1684,29
2021-08-12,1702,29
2021-08-13,1657,29
2021-08-14,1140,24
2021-08-15,897,30
2021-08-16,1696,29
2021-08-17,1728,29
2021-08-18,1731,29
2021-08-19,1826,29
2021-08-20,1813,29
2021-08-21,1084,30
2021-08-22,1012,30
2021-08-23,1675,29
2021-08-24,1828,26
2021-08-25,1680,25
2021-08-26,1951,29
2021-08-27,1820,29
2021-08-28,1068,30
2021-08-29,815,28
2021-08-30,1821,29
2021-08-31,1882,29
2021-09-01,2066,29
2021-09-02,1918,29
2021-09-03,1940,28
2021-09-04,1252,30
2021-09-05,938,30
2021-09-06,881,30
2021-09-07,2124,36
2021-09-08,2115,36
2021-09-09,2185,36
2021-09-10,2068,36
2021-09-11,1064,30
2021-09-12,752,29
2021-09-13,2245,36
2021-09-14,2435,35
2021-09-15,2343,30
2021-09-16,2427,36
2021-09-17,2130,35
2021-09-18,1057,30
2021-09-19,933,29
2021-09-20,2207,36
2021-09-21,2353,36
2021-09-22,2279,34
2021-09-23,2413,35
2021-09-24,2339,36
2021-09-25,1006,30
2021-09-26,841,30
2021-09-27,2328,36
2021-09-28,2585,36
2021-09-29,2610,36
2021-09-30,2380,36
2021-10-01,2313,36
2021-10-03,586,12
2021-10-04,2432,36
2021-10-05,2611,35
2021-10-06,2699,36
2021-10-07,2637,36
2021-10-08,2462,34
2021-10-09,1173,30
2021-10-10,1079,30
2021-10-11,1178,30
2021-10-12,2719,36
2021-10-13,2838,36
2021-10-14,2732,36
2021-10-15,2308,36
2021-10-16,1096,30
2021-10-17,800,30
2021-10-18,2500,36
2021-10-19,2841,36
2021-10-20,2841,35
2021-10-21,2814,34
2021-10-22,2457,33
2021-10-23,1254,30
2021-10-24,912,28
2021-10-25,2415,36
2021-10-26,2716,36
2021-10-27,3008,34
2021-10-28,2802,35
2021-10-29,2416,34
2021-10-30,1157,30
2021-10-31,815,30
2021-11-01,2445,36
2021-11-02,2947,36
2021-11-03,2975,36
2021-11-04,3019,36
2021-11-05,2501,36
2021-11-06,1217,30
2021-11-07,926,30
2021-11-08,2547,36
2021-11-09,2992,36
2021-11-10,3005,36
2021-11-11,2532,36
2021-11-12,2435,36
2021-11-13,1095,30
2021-11-14,765,30
2021-11-15,2622,36
2021-11-16,3112,36
2021-11-17,3077,36
2021-11-18,3164,36
2021-11-19,2579,36
2021-11-20,1051,30
2021-11-21,761,30
2021-11-22,2636,36
2021-11-23,3092,36
2021-11-24,3219,36
2021-11-25,3161,36
2021-11-26,2524,36
2021-11-27,1015,30
2021-11-28,961,30
2021-11-29,2707,36
2021-11-30,3227,36
2021-12-01,3332,36
2021-12-02,3176,36
2021-12-03,2545,36
2021-12-04,916,30
2021-12-05,847,30
2021-12-06,2569,36
2021-12-07,3046,36
2021-12-08,3120,36
2021-12-09,2947,36
2021-12-10,2504,36
2021-12-11,1055,30
2021-12-12,745,30
2021-12-13,2587,36
2021-12-14,2779,36
2021-12-15,2447,36
2021-12-16,2438,36
2021-12-17,1957,36
2021-12-18,842,30
2021-12-19,659,30
2021-12-20,1677,36
2021-12-21,1628,36
2021-12-22,1589,36
2021-12-23,1495,36
2021-12-24,1031,35
2021-12-25,304,30
2021-12-26,500,30
2021-12-27,678,30
2021-12-28,786,30
2021-12-29,965,36
2021-12-30,904,36
2021-12-31,776,36
2022-01-01,515,29
2022-01-02,672,30
2022-01-03,621,30
2022-01-04,1201,36
2022-01-05,1075,36
2022-01-06,1082,36
2022-01-07,1002,36
2022-01-08,423,30
2022-01-09,387,30
2022-01-10,1032,29
2022-01-11,946,29
2022-01-12,1036,29
2022-01-13,1036,29
2022-01-14,1042,29
2022-01-15,373,30
2022-01-16,414,30
2022-01-17,754,27
2022-01-18,998,26
2022-01-19,1221,26
2022-01-20,1210,26
2022-01-21,1112,26
2022-01-24,1245,26
2022-01-25,1295,26
2022-01-26,1236,26
2022-01-27,1363,26
2022-01-28,1237,26
2022-01-31,1452,26
2022-02-01,1621,26
2022-02-02,1596,26
2022-02-03,1421,26
2022-02-04,1549,26
2022-02-07,1850,26
2022-02-08,1851,26
2022-02-09,1784,26
2022-02-10,1981,26
2022-02-11,1769,26
2022-02-14,1936,26
2022-02-15,2120,26
2022-02-16,2079,26
2022-02-17,2035,26
2022-02-18,1741,26
2022-02-22,2084,26
2022-02-23,2281,26
2022-02-24,2202,26
2022-02-25,1864,26
2022-02-28,2687,26
2022-03-01,2892,26
2022-03-02,2910,26
2022-03-03,2833,26
2022-03-04,2421,26
2022-03-07,2802,26
2022-03-08,3165,26
2022-03-09,3315,26
2022-03-10,3112,26
2022-03-11,2625,26
2022-03-14,2973,26
2022-03-15,3209,26
2022-03-16,3381,26
2022-03-17,3495,26
2022-03-18,2868,26
2022-03-21,2926,26
2022-03-22,3458,26
2022-03-23,3176,26
2022-03-24,3437,26
2022-03-25,2683,26
2022-03-28,2996,26
2022-03-29,3449,26
2022-03-30,3433,26
2022-03-31,3442,26
2022-04-01,2531,26
2022-04-04,3202,24
2022-04-05,3693,24
2022-04-06,3847,24
2022-04-07,3484,24
2022-04-08,2701,24
2022-04-11,3032,24
2022-04-12,3706,24
2022-04-13,3739,24
2022-04-14,3353,24
2022-04-18,2185,24
2022-04-19,3346,24
2022-04-20,3479,24
2022-04-21,3184,24
2022-04-22,2483,24
2022-04-25,2791,24
2022-04-26,3646,24
2022-04-27,3657,24
2022-04-28,3776,24
2022-04-29,2688,24
2022-05-02,3147,24
2022-05-03,3844,24
2022-05-04,3987,24
2022-05-05,3908,24
2022-05-06,2886,24
2022-05-09,3407,24
2022-05-10,4227,24
2022-05-11,4240,24
2022-05-12,4016,24
2022-05-13,2748,24
2022-05-16,2928,24
2022-05-17,4573,24
2022-05-18,4645,24
2022-05-19,4238,24
2022-05-20,2825,24
2022-05-21,1764,30
2022-05-22,2101,30
2022-05-23,1406,30
2022-05-24,4432,30
2022-05-25,4913,30
2022-05-26,4725,30
2022-05-27,3148,30
2022-05-28,1877,30
2022-05-29,1561,30
2022-05-30,3725,30
2022-05-31,4826,30
2022-06-01,5201,30
2022-06-02,5129,30
2022-06-03,3343,30
2022-06-06,3938,30
2022-06-07,4924,30
2022-06-08,5562,30
2022-06-09,5195,30
2022-06-10,3422,30
2022-06-11,2414,30
2022-06-12,1576,30
2022-06-13,4534,30
2022-06-14,5706,30
2022-06-15,5819,30
2022-06-16,5675,28
2022-06-17,3686,29
2022-06-18,3118,30
2022-06-19,2638,30
2022-06-20,4284,30
2022-06-21,5472,28
2022-06-22,5898,28
2022-06-23,5617,30
2022-06-24,3665,30
2022-06-25,2749,30
2022-06-26,2592,30
2022-06-27,4616,30
2022-06-28,5939,30
2022-06-29,5768,30
2022-06-30,4482,30
2022-07-01,2944,30
2022-07-02,3562,30
2022-07-03,2696,30
2022-07-04,3846,30
2022-07-05,5058,30
2022-07-06,5417,30
2022-07-07,5034,30
2022-07-08,3741,30
2022-07-09,2852,30
2022-07-10,2031,30
2022-07-11,4287,30
2022-07-12,5611,30
2022-07-13,5599,30
2022-07-14,5399,30
2022-07-15,3577,30
2022-07-16,3449,28
2022-07-17,2945,30
2022-07-18,3846,30
2022-07-19,5394,28
2022-07-20,5583,30
2022-07-21,5292,30
2022-07-22,2876,25
2022-07-23,2811,26
2022-07-24,1817,30
2022-07-25,4081,30
2022-07-26,5362,30
2022-07-27,5871,30
2022-07-28,5201,30
2022-07-29,3713,30
2022-07-30,4211,30
2022-07-31,3643,30
2022-08-01,1871,30
2022-08-02,5002,30
2022-08-03,5354,30
2022-08-04,4884,30
2022-08-05,3414,30
2022-08-06,2816,30
2022-08-07,2055,30
2022-08-08,4359,30
2022-08-09,5445,30
2022-08-10,5832,30
2022-08-11,5262,30
2022-08-12,3632,30
2022-08-13,3695,22
2022-08-14,2911,22
2022-08-15,4527,30
2022-08-16,5923,30
2022-08-17,6279,30
2022-08-18,5320,30
2022-08-19,3702,30
2022-08-20,3257,22
2022-08-21,2502,22
2022-08-22,4079,30
2022-08-23,5902,30
2022-08-24,6123,30
2022-08-25,5599,30
2022-08-26,4439,30
2022-08-27,4962,22
2022-08-28,4045,20
2022-08-29,4505,29
2022-08-30,5489,35
2022-08-31,6293,30
2022-09-01,5383,30
2022-09-02,3846,30
2022-09-03,3089,22
2022-09-04,2893,22
2022-09-05,2241,22
2022-09-06,6736,30
2022-09-07,6910,30
2022-09-08,7456,30
2022-09-09,4962,28
2022-09-12,6518,30
2022-09-13,8355,30
2022-09-14,8195,30
2022-09-15,7973,30
2022-09-16,5076,30
2022-09-17,2673,20
2022-09-18,2335,22
2022-09-19,6149,30
2022-09-20,8181,30
2022-09-21,8112,30
2022-09-22,7794,30
2022-09-23,5089,30
2022-09-24,2520,30
2022-09-25,1593,30
2022-09-26,6154,30
2022-09-27,7769,30
2022-09-28,8293,30
2022-09-29,7432,30
2022-09-30,4430,28
2022-10-01,3282,22
2022-10-02,2932,22
2022-10-03,6244,30
2022-10-04,7784,30
2022-10-05,7813,30
2022-10-06,7733,30
2022-10-07,5459,30
2022-10-08,3054,20
2022-10-09,2215,21
2022-10-10,1744,22
2022-10-11,6866,32
2022-10-12,7265,32
2022-10-13,6790,32
2022-10-14,4080,32
2022-10-15,1883,25
2022-10-16,1735,30
2022-10-17,6249,32
2022-10-18,8140,32
2022-10-19,8038,32
2022-10-20,7703,32
2022-10-21,4829,32
2022-10-22,2457,30
2022-10-23,1932,30
2022-10-24,6015,32
2022-10-25,7959,32
2022-10-26,8132,32
2022-10-27,7701,32
2022-10-28,4753,32
2022-10-29,2032,29
2022-10-30,1347,29
2022-10-31,5678,32
2022-11-01,8070,32
2022-11-02,8776,32
2022-11-03,7863,32
2022-11-04,4858,32
2022-11-05,2789,30
2022-11-06,2018,30
2022-11-07,5752,32
2022-11-08,7733,32
2022-11-09,7637,30
2022-11-10,7196,32
2022-11-11,3846,32
2022-11-12,2371,30
2022-11-13,1856,30
2022-11-14,6222,32
2022-11-15,8017,32
2022-11-16,7823,32
2022-11-17,7662,32
2022-11-18,4594,32
2022-11-19,2272,30
2022-11-20,1904,26
2022-11-21,5959,32
2022-11-22,8033,32
2022-11-23,8061,32
2022-11-24,7202,32
2022-11-25,4602,32
2022-11-26,2419,30
2022-11-27,1543,30
2022-11-28,6176,32
2022-11-29,7953,32
2022-11-30,7999,32
2022-12-01,7782,32
2022-12-02,4770,32
2022-12-03,1992,30
2022-12-04,1631,30
2022-12-05,5953,32
2022-12-06,7500,30
2022-12-07,7878,32
2022-12-08,7544,32
2022-12-09,4448,32
2022-12-10,2651,30
2022-12-11,1914,30
2022-12-12,5637,32
2022-12-13,7687,32
2022-12-14,7771,32
2022-12-15,4934,29
2022-12-16,3575,29
2022-12-19,4576,32
2022-12-20,5905,32
2022-12-21,5297,32
2022-12-22,4679,32
2022-12-23,1852,29
2022-12-24,1605,30
2022-12-25,855,24
2022-12-26,1667,30
2022-12-27,2358,30
2022-12-28,2740,32
2022-12-29,2876,32
2022-12-30,2485,32
2022-12-31,1788,30
