date,ridership Barrie AURORA GO,total_train_trips Barrie AURORA GO
2019-01-01,379,10
2019-01-02,373,8
2019-01-03,569,8
2019-01-04,413,8
2019-01-05,533,10
2019-01-06,385,10
2019-01-07,283,7
2019-01-08,332,8
2019-01-09,284,7
2019-01-10,320,8
2019-01-11,406,8
2019-01-12,553,10
2019-01-13,364,10
2019-01-14,415,8
2019-01-15,398,8
2019-01-16,397,8
2019-01-17,396,8
2019-01-18,432,8
2019-01-19,567,10
2019-01-20,449,10
2019-01-21,172,4
2019-01-22,382,8
2019-01-23,393,7
2019-01-24,420,8
2019-01-25,408,8
2019-01-26,454,10
2019-01-27,412,10
2019-01-28,428,8
2019-01-29,419,8
2019-01-30,388,8
2019-01-31,405,8
2019-02-01,386,8
2019-02-02,536,10
2019-02-03,468,10
2019-02-04,450,8
2019-02-05,367,7
2019-02-06,311,8
2019-02-07,433,8
2019-02-08,360,8
2019-02-09,429,10
2019-02-10,351,10
2019-02-11,426,8
2019-02-12,191,8
2019-02-13,418,8
2019-02-14,409,8
2019-02-15,435,8
2019-02-16,582,10
2019-02-17,389,10
2019-02-18,485,10
2019-02-19,312,7
2019-02-20,338,8
2019-02-21,419,8
2019-02-22,395,8
2019-02-23,721,10
2019-02-24,450,10
2019-02-25,409,7
2019-02-26,397,8
2019-02-27,410,8
2019-02-28,387,8
2019-03-01,412,8
2019-03-02,572,10
2019-03-03,438,10
2019-03-04,335,7
2019-03-05,395,8
2019-03-06,396,8
2019-03-07,396,8
2019-03-08,441,8
2019-03-09,531,10
2019-03-10,409,10
2019-03-11,555,8
2019-03-12,475,8
2019-03-13,677,8
2019-03-14,524,8
2019-03-15,575,8
2019-03-16,584,10
2019-03-17,449,10
2019-03-18,424,8
2019-03-19,373,8
2019-03-20,430,8
2019-03-21,419,8
2019-03-22,417,8
2019-03-23,565,10
2019-03-24,486,10
2019-03-25,452,8
2019-03-26,420,8
2019-03-27,424,8
2019-03-28,625,8
2019-03-29,463,8
2019-03-30,559,10
2019-03-31,374,10
2019-04-01,431,8
2019-04-02,396,7
2019-04-03,426,8
2019-04-04,373,7
2019-04-05,396,8
2019-04-06,585,10
2019-04-07,376,10
2019-04-08,397,8
2019-04-09,387,8
2019-04-10,359,8
2019-04-11,410,8
2019-04-12,357,8
2019-04-13,828,10
2019-04-14,299,10
2019-04-15,366,8
2019-04-16,371,8
2019-04-17,489,8
2019-04-18,330,6
2019-04-19,377,10
2019-04-20,408,10
2019-04-21,644,10
2019-04-22,512,8
2019-04-23,393,8
2019-04-24,477,8
2019-04-25,369,8
2019-04-26,473,8
2019-04-27,643,9
2019-04-28,372,10
2019-04-29,334,8
2019-04-30,364,8
2019-05-01,320,8
2019-05-02,331,8
2019-05-03,444,8
2019-05-04,616,10
2019-05-05,405,10
2019-05-06,343,8
2019-05-07,320,7
2019-05-08,364,8
2019-05-09,328,8
2019-05-10,381,8
2019-05-11,714,10
2019-05-12,668,10
2019-05-13,313,8
2019-05-14,336,8
2019-05-15,358,8
2019-05-16,1393,7
2019-05-17,427,8
2019-05-18,493,10
2019-05-19,550,10
2019-05-20,547,10
2019-05-21,364,8
2019-05-22,379,8
2019-05-23,387,8
2019-05-24,390,8
2019-05-25,933,10
2019-05-26,556,10
2019-05-27,347,8
2019-05-28,395,6
2019-05-29,363,8
2019-05-30,396,8
2019-05-31,416,8
2019-06-01,891,13
2019-06-02,947,13
2019-06-03,380,8
2019-06-04,348,8
2019-06-05,361,8
2019-06-06,436,8
2019-06-07,432,7
2019-06-08,693,10
2019-06-09,528,10
2019-06-10,433,8
2019-06-11,374,8
2019-06-12,392,8
2019-06-13,431,8
2019-06-14,454,8
2019-06-17,599,8
2019-06-18,352,8
2019-06-19,408,8
2019-06-20,379,8
2019-06-21,475,8
2019-06-22,760,10
2019-06-23,639,10
2019-06-24,344,8
2019-06-25,458,8
2019-06-26,414,7
2019-06-27,413,8
2019-06-28,490,8
2019-06-29,600,8
2019-06-30,440,8
2019-07-01,490,8
2019-07-02,420,8
2019-07-03,433,8
2019-07-04,451,8
2019-07-05,514,8
2019-07-06,566,8
2019-07-07,555,8
2019-07-08,340,7
2019-07-09,379,7
2019-07-10,466,8
2019-07-11,438,8
2019-07-12,461,8
2019-07-13,549,8
2019-07-14,499,8
2019-07-15,441,8
2019-07-16,411,8
2019-07-17,569,8
2019-07-18,445,8
2019-07-19,451,8
2019-07-20,483,8
2019-07-21,427,7
2019-07-22,374,7
2019-07-23,439,8
2019-07-24,465,8
2019-07-25,462,8
2019-07-26,614,8
2019-07-27,805,8
2019-07-28,536,8
2019-07-29,429,8
2019-07-30,422,8
2019-07-31,464,8
2019-08-01,442,8
2019-08-02,502,8
2019-08-03,785,8
2019-08-04,703,8
2019-08-05,489,8
2019-08-06,365,8
2019-08-07,487,8
2019-08-08,407,6
2019-08-09,524,8
2019-08-10,690,8
2019-08-11,526,8
2019-08-12,454,8
2019-08-13,352,7
2019-08-14,579,8
2019-08-15,456,8
2019-08-16,683,8
2019-08-17,719,8
2019-08-18,515,8
2019-08-19,479,8
2019-08-20,491,8
2019-08-21,453,8
2019-08-22,636,8
2019-08-23,681,8
2019-08-24,950,8
2019-08-25,597,8
2019-08-26,483,8
2019-08-27,444,8
2019-08-28,625,8
2019-08-29,606,8
2019-08-30,758,8
2019-08-31,676,8
2019-09-01,440,8
2019-09-02,485,8
2019-09-03,508,8
2019-09-04,520,8
2019-09-05,536,8
2019-09-06,622,8
2019-09-07,476,8
2019-09-08,292,8
2019-09-09,482,8
2019-09-10,529,8
2019-09-11,536,8
2019-09-12,581,8
2019-09-13,591,8
2019-09-14,518,8
2019-09-15,378,8
2019-09-16,481,8
2019-09-17,541,8
2019-09-18,537,8
2019-09-19,553,8
2019-09-20,567,8
2019-09-23,561,8
2019-09-24,612,8
2019-09-25,558,8
2019-09-26,522,8
2019-09-27,627,8
2019-09-28,656,8
2019-09-29,489,8
2019-09-30,497,8
2019-10-01,489,8
2019-10-02,544,8
2019-10-03,560,8
2019-10-04,530,8
2019-10-05,572,8
2019-10-06,419,8
2019-10-07,508,8
2019-10-08,542,8
2019-10-09,497,7
2019-10-10,524,8
2019-10-11,509,8
2019-10-12,357,8
2019-10-13,394,8
2019-10-14,635,8
2019-10-15,536,8
2019-10-16,441,7
2019-10-17,492,7
2019-10-18,510,8
2019-10-19,601,8
2019-10-20,375,8
2019-10-21,507,8
2019-10-22,527,8
2019-10-23,553,8
2019-10-24,554,8
2019-10-25,584,8
2019-10-26,556,8
2019-10-27,337,8
2019-10-28,503,8
2019-10-29,527,8
2019-10-30,506,8
2019-10-31,510,7
2019-11-01,470,7
2019-11-02,404,8
2019-11-03,308,8
2019-11-04,406,7
2019-11-05,506,8
2019-11-06,513,8
2019-11-07,595,8
2019-11-08,551,8
2019-11-09,556,8
2019-11-10,394,8
2019-11-11,513,8
2019-11-12,543,6
2019-11-13,492,6
2019-11-14,557,8
2019-11-15,596,8
2019-11-16,443,8
2019-11-17,452,8
2019-11-18,177,4
2019-11-19,514,8
2019-11-20,561,8
2019-11-21,533,8
2019-11-22,565,8
2019-11-23,519,8
2019-11-24,352,8
2019-11-25,532,8
2019-11-26,562,8
2019-11-27,516,8
2019-11-28,577,8
2019-11-29,578,8
2019-11-30,555,8
2019-12-01,508,8
2019-12-02,490,8
2019-12-03,508,8
2019-12-04,544,8
2019-12-05,510,8
2019-12-06,650,8
2019-12-07,500,8
2019-12-08,364,8
2019-12-09,412,8
2019-12-10,536,8
2019-12-11,523,8
2019-12-12,411,7
2019-12-13,553,8
2019-12-14,574,8
2019-12-15,349,8
2019-12-16,391,8
2019-12-17,463,8
2019-12-18,419,7
2019-12-19,490,8
2019-12-20,548,8
2019-12-21,509,8
2019-12-22,491,8
2019-12-23,689,7
2019-12-24,225,6
2019-12-25,218,8
2019-12-26,491,8
2019-12-27,467,8
2019-12-28,589,8
2019-12-29,459,8
2019-12-30,630,8
2019-12-31,563,10
2020-01-01,303,8
2020-01-02,472,8
2020-01-03,565,8
2020-01-04,517,8
2020-01-05,285,8
2020-01-06,396,8
2020-01-07,422,8
2020-01-08,450,8
2020-01-09,413,8
2020-01-10,458,8
2020-01-11,387,8
2020-01-12,401,8
2020-01-13,542,8
2020-01-14,518,7
2020-01-15,492,7
2020-01-16,510,8
2020-01-17,514,8
2020-01-18,500,8
2020-01-19,309,8
2020-01-20,460,7
2020-01-21,512,8
2020-01-22,499,8
2020-01-23,523,8
2020-01-24,498,8
2020-01-25,450,8
2020-01-26,367,8
2020-01-27,511,8
2020-01-28,507,8
2020-01-29,538,8
2020-01-30,513,8
2020-01-31,452,6
2020-02-01,467,8
2020-02-02,366,8
2020-02-03,508,8
2020-02-04,489,8
2020-02-05,432,7
2020-02-06,519,8
2020-02-07,508,7
2020-02-08,418,6
2020-02-09,324,8
2020-02-10,470,8
2020-02-11,475,8
2020-02-12,463,7
2020-02-13,564,8
2020-02-14,426,5
2020-02-15,113,3
2020-02-16,343,8
2020-02-17,447,8
2020-02-18,421,8
2020-02-19,405,8
2020-02-20,453,8
2020-02-21,558,8
2020-02-22,558,8
2020-02-23,434,8
2020-02-24,447,8
2020-02-25,474,7
2020-02-26,480,8
2020-02-27,490,8
2020-02-28,383,7
2020-02-29,435,8
2020-03-01,270,8
2020-03-02,454,8
2020-03-03,469,8
2020-03-04,519,8
2020-03-05,452,8
2020-03-06,432,8
2020-03-07,509,8
2020-03-08,326,8
2020-03-09,449,8
2020-03-10,454,8
2020-03-11,437,7
2020-03-12,398,8
2020-03-13,278,8
2020-03-14,155,8
2020-03-15,128,8
2020-03-16,109,8
2020-03-17,75,8
2020-03-18,90,10
2020-03-19,65,10
2020-03-20,69,11
2020-03-21,23,8
2020-03-22,31,8
2020-03-23,48,10
2020-03-24,32,10
2020-03-25,27,9
2020-03-26,31,9
2020-03-27,37,10
2020-03-28,19,6
2020-03-29,21,7
2020-03-30,26,10
2020-03-31,31,10
2020-04-01,37,10
2020-04-02,31,10
2020-04-03,34,10
2020-04-04,10,8
2020-04-05,14,7
2020-04-06,25,8
2020-04-07,26,10
2020-04-08,26,10
2020-04-09,35,10
2020-04-10,14,7
2020-04-11,14,8
2020-04-12,16,8
2020-04-13,16,8
2020-04-14,26,9
2020-04-15,28,10
2020-04-16,30,9
2020-04-17,35,10
2020-04-18,15,7
2020-04-19,14,7
2020-04-20,35,10
2020-04-21,27,10
2020-04-22,31,10
2020-04-23,31,10
2020-04-24,36,10
2020-04-25,19,7
2020-04-26,13,7
2020-04-27,34,10
2020-04-28,28,10
2020-04-29,33,10
2020-04-30,28,9
2020-05-01,39,10
2020-05-02,27,8
2020-05-03,28,8
2020-05-04,32,9
2020-05-05,45,10
2020-05-06,33,10
2020-05-07,23,8
2020-05-08,34,10
2020-05-09,21,7
2020-05-10,21,8
2020-05-11,36,10
2020-05-12,39,10
2020-05-13,8,3
2020-05-14,10,3
2020-05-15,17,3
2020-05-19,19,3
2020-05-20,18,3
2020-05-21,14,3
2020-05-22,18,3
2020-05-25,20,3
2020-05-26,18,3
2020-05-27,10,3
2020-05-28,21,3
2020-05-29,14,3
2020-06-01,11,3
2020-06-02,9,2
2020-06-03,11,2
2020-06-04,20,3
2020-06-05,21,3
2020-06-08,21,3
2020-06-09,17,3
2020-06-10,16,3
2020-06-11,24,3
2020-06-12,34,3
2020-06-15,25,3
2020-06-16,19,3
2020-06-17,15,3
2020-06-18,26,3
2020-06-19,30,3
2020-06-22,24,3
2020-06-23,11,2
2020-06-24,17,3
2020-06-25,24,3
2020-06-26,35,3
2020-06-29,25,3
2020-06-30,31,3
2020-07-02,28,3
2020-07-03,32,3
2020-07-06,23,3
2020-07-07,12,3
2020-07-08,15,1
2020-07-09,31,3
2020-07-10,38,3
2020-07-13,30,3
2020-07-14,35,3
2020-07-15,27,3
2020-07-16,27,3
2020-07-17,44,3
2020-07-20,31,3
2020-07-21,30,3
2020-07-22,24,3
2020-07-23,24,3
2020-07-24,52,3
2020-07-27,26,3
2020-07-28,28,3
2020-07-29,34,3
2020-07-30,44,3
2020-07-31,45,3
2020-08-04,26,3
2020-08-05,30,3
2020-08-06,42,3
2020-08-07,47,3
2020-08-10,33,3
2020-08-11,28,3
2020-08-12,30,3
2020-08-13,55,3
2020-08-14,67,3
2020-08-17,38,3
2020-08-18,31,3
2020-08-19,45,3
2020-08-20,79,3
2020-08-21,80,3
2020-08-24,38,3
2020-08-25,42,3
2020-08-26,54,3
2020-08-27,56,3
2020-08-28,66,3
2020-08-31,45,3
2020-09-01,34,3
2020-09-02,38,3
2020-09-03,57,3
2020-09-04,70,3
2020-09-08,121,8
2020-09-09,121,8
2020-09-10,127,8
2020-09-11,187,8
2020-09-12,115,8
2020-09-13,99,8
2020-09-14,108,8
2020-09-15,93,8
2020-09-16,127,8
2020-09-17,112,8
2020-09-18,165,8
2020-09-19,144,8
2020-09-20,116,8
2020-09-21,89,8
2020-09-22,104,8
2020-09-23,106,8
2020-09-24,116,8
2020-09-25,147,8
2020-09-26,130,8
2020-09-27,116,8
2020-09-28,102,8
2020-09-29,92,8
2020-09-30,96,8
2020-10-01,104,8
2020-10-02,114,8
2020-10-03,91,8
2020-10-04,79,8
2020-10-05,96,8
2020-10-06,79,8
2020-10-07,88,8
2020-10-08,104,8
2020-10-09,131,8
2020-10-10,74,8
2020-10-11,73,8
2020-10-12,116,8
2020-10-13,114,8
2020-10-14,101,8
2020-10-15,102,8
2020-10-16,108,8
2020-10-17,71,8
2020-10-18,72,8
2020-10-19,93,8
2020-10-20,85,8
2020-10-21,71,8
2020-10-22,85,8
2020-10-23,110,8
2020-10-24,79,8
2020-10-25,86,8
2020-10-26,89,8
2020-10-27,81,8
2020-10-28,105,8
2020-10-29,103,8
2020-10-30,102,8
2020-10-31,87,8
2020-11-01,72,8
2020-11-02,95,8
2020-11-03,98,8
2020-11-04,50,5
2020-11-05,99,8
2020-11-06,113,7
2020-11-07,88,8
2020-11-08,114,8
2020-11-09,82,8
2020-11-10,99,7
2020-11-11,103,8
2020-11-12,103,8
2020-11-13,133,8
2020-11-14,82,8
2020-11-15,74,8
2020-11-16,78,8
2020-11-17,92,8
2020-11-18,84,8
2020-11-19,90,8
2020-11-20,134,8
2020-11-21,53,8
2020-11-22,76,8
2020-11-23,74,8
2020-11-24,66,8
2020-11-25,63,8
2020-11-26,74,8
2020-11-27,91,8
2020-11-30,76,8
2020-12-01,73,8
2020-12-02,62,8
2020-12-03,78,8
2020-12-04,91,8
2020-12-05,94,12
2020-12-06,128,12
2020-12-07,82,8
2020-12-08,59,8
2020-12-09,69,8
2020-12-10,71,8
2020-12-11,92,8
2020-12-12,43,8
2020-12-13,88,8
2020-12-14,65,8
2020-12-15,57,8
2020-12-16,67,8
2020-12-17,67,8
2020-12-18,80,8
2020-12-19,37,8
2020-12-20,48,8
2020-12-21,66,8
2020-12-22,65,8
2020-12-23,64,8
2020-12-24,65,8
2020-12-25,41,8
2020-12-26,44,8
2020-12-27,38,5
2020-12-28,38,8
2020-12-29,68,8
2020-12-30,68,8
2020-12-31,60,8
2021-01-01,34,8
2021-01-02,36,8
2021-01-03,46,8
2021-01-04,52,8
2021-01-05,58,8
2021-01-06,59,8
2021-01-07,63,8
2021-01-08,65,8
2021-01-09,35,8
2021-01-10,42,8
2021-01-11,55,8
2021-01-12,54,8
2021-01-13,57,8
2021-01-14,53,8
2021-01-15,52,8
2021-01-16,29,8
2021-01-17,31,8
2021-01-18,40,8
2021-01-19,51,8
2021-01-20,36,8
2021-01-21,57,8
2021-01-22,57,8
2021-01-25,39,6
2021-01-26,37,6
2021-01-27,38,6
2021-01-28,43,6
2021-01-29,38,6
2021-02-01,39,6
2021-02-02,37,6
2021-02-03,36,6
2021-02-04,48,6
2021-02-05,45,6
2021-02-08,48,6
2021-02-09,33,6
2021-02-10,43,6
2021-02-11,42,6
2021-02-12,48,6
2021-02-16,42,6
2021-02-17,51,6
2021-02-18,43,6
2021-02-19,55,6
2021-02-22,49,6
2021-02-23,52,6
2021-02-24,52,6
2021-02-25,49,6
2021-02-26,50,6
2021-03-01,33,4
2021-03-02,48,6
2021-03-03,50,6
2021-03-04,50,6
2021-03-05,45,6
2021-03-08,60,6
2021-03-09,70,6
2021-03-10,65,6
2021-03-11,58,6
2021-03-12,67,6
2021-03-15,65,6
2021-03-16,53,6
2021-03-17,61,6
2021-03-18,57,5
2021-03-19,62,6
2021-03-22,69,6
2021-03-23,62,6
2021-03-24,62,6
2021-03-25,77,6
2021-03-26,65,6
2021-03-29,60,6
2021-03-30,75,6
2021-03-31,59,6
2021-04-01,67,6
2021-04-05,77,6
2021-04-06,57,6
2021-04-07,62,6
2021-04-08,55,6
2021-04-09,49,6
2021-04-12,57,6
2021-04-13,49,6
2021-04-14,62,6
2021-04-15,56,6
2021-04-16,57,6
2021-04-19,51,6
2021-04-20,38,6
2021-04-21,42,6
2021-04-22,47,6
2021-04-23,60,6
2021-04-26,43,6
2021-04-27,47,6
2021-04-28,45,6
2021-04-29,47,6
2021-04-30,44,5
2021-05-03,52,6
2021-05-04,40,6
2021-05-05,41,6
2021-05-06,51,6
2021-05-07,49,6
2021-05-10,59,6
2021-05-11,61,6
2021-05-12,56,6
2021-05-13,46,6
2021-05-14,58,6
2021-05-17,52,6
2021-05-18,58,6
2021-05-19,48,6
2021-05-20,50,6
2021-05-21,66,5
2021-05-25,60,6
2021-05-26,60,6
2021-05-27,63,6
2021-05-28,52,4
2021-05-31,78,6
2021-06-01,56,6
2021-06-02,65,6
2021-06-03,55,6
2021-06-04,71,6
2021-06-07,56,5
2021-06-08,56,6
2021-06-09,59,6
2021-06-10,83,6
2021-06-11,95,6
2021-06-14,62,5
2021-06-15,83,6
2021-06-16,99,6
2021-06-17,83,6
2021-06-18,93,6
2021-06-21,86,6
2021-06-22,95,6
2021-06-23,125,6
2021-06-24,114,6
2021-06-25,111,5
2021-06-28,94,5
2021-06-29,81,6
2021-06-30,106,6
2021-07-02,140,6
2021-07-05,112,5
2021-07-06,89,5
2021-07-07,89,6
2021-07-08,82,6
2021-07-09,146,6
2021-07-12,86,6
2021-07-13,102,6
2021-07-14,137,6
2021-07-15,107,6
2021-07-16,151,6
2021-07-19,135,6
2021-07-20,105,6
2021-07-21,151,6
2021-07-22,143,6
2021-07-23,191,6
2021-07-26,136,6
2021-07-27,108,6
2021-07-28,173,6
2021-07-29,144,6
2021-07-30,247,6
2021-08-03,213,5
2021-08-04,184,6
2021-08-05,175,5
2021-08-06,213,6
2021-08-09,186,7
2021-08-10,134,7
2021-08-11,169,7
2021-08-12,165,7
2021-08-13,257,7
2021-08-14,209,5
2021-08-15,195,9
2021-08-16,212,7
2021-08-17,153,7
2021-08-18,163,7
2021-08-19,211,7
2021-08-20,295,7
2021-08-21,273,9
2021-08-22,261,9
2021-08-23,191,7
2021-08-24,207,6
2021-08-25,202,7
2021-08-26,295,7
2021-08-27,271,7
2021-08-28,287,9
2021-08-29,182,8
2021-08-30,222,7
2021-08-31,190,7
2021-09-01,262,7
2021-09-02,218,7
2021-09-03,287,6
2021-09-04,291,9
2021-09-05,227,9
2021-09-06,194,9
2021-09-07,163,6
2021-09-08,144,6
2021-09-09,149,6
2021-09-10,181,6
2021-09-11,285,9
2021-09-12,168,8
2021-09-13,138,6
2021-09-14,168,6
2021-09-15,145,4
2021-09-16,171,6
2021-09-17,203,6
2021-09-18,476,13
2021-09-19,250,8
2021-09-20,145,6
2021-09-21,118,6
2021-09-22,94,5
2021-09-23,126,5
2021-09-24,202,6
2021-09-25,238,9
2021-09-26,219,9
2021-09-27,138,6
2021-09-28,154,6
2021-09-29,169,6
2021-09-30,203,6
2021-10-01,202,6
2021-10-04,125,6
2021-10-05,171,6
2021-10-06,151,6
2021-10-07,156,6
2021-10-08,180,6
2021-10-09,196,9
2021-10-10,200,9
2021-10-11,280,9
2021-10-12,170,6
2021-10-13,201,6
2021-10-14,171,6
2021-10-15,193,6
2021-10-16,316,9
2021-10-17,178,9
2021-10-18,155,6
2021-10-19,156,6
2021-10-20,155,5
2021-10-21,177,5
2021-10-22,227,6
2021-10-23,325,9
2021-10-24,190,8
2021-10-25,126,6
2021-10-26,130,6
2021-10-27,185,5
2021-10-28,199,6
2021-10-29,219,6
2021-10-30,334,9
2021-10-31,189,9
2021-11-01,122,6
2021-11-02,147,6
2021-11-03,174,6
2021-11-04,184,6
2021-11-05,201,6
2021-11-06,333,9
2021-11-07,235,9
2021-11-08,142,6
2021-11-09,131,6
2021-11-10,139,6
2021-11-11,141,6
2021-11-12,208,6
2021-11-13,307,9
2021-11-14,191,9
2021-11-15,151,6
2021-11-16,165,6
2021-11-17,156,6
2021-11-18,188,6
2021-11-19,210,6
2021-11-20,510,13
2021-11-21,185,9
2021-11-22,131,6
2021-11-23,152,6
2021-11-24,177,6
2021-11-25,182,6
2021-11-26,204,6
2021-11-27,264,9
2021-11-28,254,9
2021-11-29,126,6
2021-11-30,152,6
2021-12-01,183,6
2021-12-02,184,6
2021-12-03,194,6
2021-12-04,242,9
2021-12-05,224,9
2021-12-06,122,6
2021-12-07,156,6
2021-12-08,172,6
2021-12-09,175,6
2021-12-10,190,6
2021-12-11,297,9
2021-12-12,185,9
2021-12-13,150,6
2021-12-14,165,6
2021-12-15,78,6
2021-12-16,175,6
2021-12-17,209,6
2021-12-18,169,9
2021-12-19,124,9
2021-12-20,127,6
2021-12-21,128,6
2021-12-22,127,6
2021-12-23,135,6
2021-12-24,82,6
2021-12-25,51,9
2021-12-26,93,9
2021-12-27,131,9
2021-12-28,161,9
2021-12-29,117,6
2021-12-30,111,6
2021-12-31,105,6
2022-01-01,96,9
2022-01-02,124,9
2022-01-03,111,9
2022-01-04,80,6
2022-01-05,76,6
2022-01-06,69,6
2022-01-07,75,6
2022-01-08,93,9
2022-01-09,82,9
2022-01-10,65,7
2022-01-11,61,7
2022-01-12,63,7
2022-01-13,69,7
2022-01-14,118,7
2022-01-15,74,9
2022-01-16,77,9
2022-01-17,45,6
2022-01-18,79,7
2022-01-19,80,7
2022-01-20,79,7
2022-01-21,111,7
2022-01-24,76,7
2022-01-25,82,7
2022-01-26,93,7
2022-01-27,107,7
2022-01-28,113,7
2022-01-31,107,7
2022-02-01,142,7
2022-02-02,99,7
2022-02-03,127,7
2022-02-04,183,7
2022-02-07,134,7
2022-02-08,117,7
2022-02-09,132,7
2022-02-10,189,7
2022-02-11,179,7
2022-02-14,184,7
2022-02-15,174,7
2022-02-16,158,7
2022-02-17,190,7
2022-02-18,221,7
2022-02-22,168,7
2022-02-23,232,7
2022-02-24,204,7
2022-02-25,213,7
2022-02-28,228,7
2022-03-01,225,7
2022-03-02,261,7
2022-03-03,246,7
2022-03-04,272,7
2022-03-07,225,7
2022-03-08,276,7
2022-03-09,303,7
2022-03-10,283,7
2022-03-11,339,7
2022-03-14,334,7
2022-03-15,313,7
2022-03-16,362,7
2022-03-17,539,7
2022-03-18,463,7
2022-03-21,251,7
2022-03-22,296,7
2022-03-23,267,7
2022-03-24,298,7
2022-03-25,332,7
2022-03-28,231,7
2022-03-29,260,7
2022-03-30,237,7
2022-03-31,306,7
2022-04-01,287,7
2022-04-04,200,6
2022-04-05,262,6
2022-04-06,283,6
2022-04-07,268,6
2022-04-08,358,6
2022-04-11,204,6
2022-04-12,254,6
2022-04-13,236,6
2022-04-14,306,6
2022-04-18,241,6
2022-04-19,211,6
2022-04-20,239,6
2022-04-21,193,6
2022-04-22,269,6
2022-04-25,180,6
2022-04-26,252,6
2022-04-27,222,6
2022-04-28,385,6
2022-04-29,371,6
2022-05-02,208,6
2022-05-03,240,6
2022-05-04,277,6
2022-05-05,256,6
2022-05-06,340,6
2022-05-09,245,6
2022-05-10,254,6
2022-05-11,252,6
2022-05-12,257,6
2022-05-13,318,6
2022-05-16,215,6
2022-05-17,240,6
2022-05-18,274,6
2022-05-19,267,6
2022-05-20,361,6
2022-05-21,472,9
2022-05-22,512,9
2022-05-23,339,9
2022-05-24,221,6
2022-05-25,232,6
2022-05-26,237,6
2022-05-27,260,6
2022-05-28,495,9
2022-05-29,357,9
2022-05-30,194,6
2022-05-31,205,6
2022-06-01,256,6
2022-06-02,358,6
2022-06-03,326,6
2022-06-06,210,6
2022-06-07,235,6
2022-06-08,259,6
2022-06-09,270,6
2022-06-10,307,6
2022-06-11,679,9
2022-06-12,400,9
2022-06-13,261,6
2022-06-14,248,6
2022-06-15,295,6
2022-06-16,316,5
2022-06-17,421,6
2022-06-18,757,8
2022-06-19,647,9
2022-06-20,263,6
2022-06-21,251,5
2022-06-22,263,5
2022-06-23,312,6
2022-06-24,409,6
2022-06-25,811,9
2022-06-26,622,9
2022-06-27,356,6
2022-06-28,332,6
2022-06-29,396,6
2022-06-30,408,6
2022-07-01,670,8
2022-07-02,980,9
2022-07-03,629,9
2022-07-04,287,6
2022-07-05,265,6
2022-07-06,316,6
2022-07-07,292,6
2022-07-08,472,6
2022-07-09,793,9
2022-07-10,504,9
2022-07-11,261,6
2022-07-12,284,5
2022-07-13,313,6
2022-07-14,352,6
2022-07-15,430,6
2022-07-16,767,8
2022-07-17,733,9
2022-07-18,188,5
2022-07-19,219,5
2022-07-20,325,6
2022-07-21,313,6
2022-07-22,307,5
2022-07-23,734,7
2022-07-24,403,9
2022-07-25,281,6
2022-07-26,305,5
2022-07-27,444,6
2022-07-28,270,5
2022-07-29,456,6
2022-07-30,1066,9
2022-07-31,997,9
2022-08-01,407,9
2022-08-02,323,6
2022-08-03,348,6
2022-08-04,322,6
2022-08-05,405,6
2022-08-06,806,9
2022-08-07,461,9
2022-08-08,378,6
2022-08-09,289,6
2022-08-10,374,6
2022-08-11,344,6
2022-08-12,495,6
2022-08-13,844,5
2022-08-14,583,5
2022-08-15,374,6
2022-08-16,409,6
2022-08-17,520,6
2022-08-18,318,6
2022-08-19,470,6
2022-08-20,642,5
2022-08-21,567,5
2022-08-22,219,5
2022-08-23,414,6
2022-08-24,461,6
2022-08-25,424,6
2022-08-26,647,6
2022-08-27,1031,5
2022-08-28,848,4
2022-08-29,414,6
2022-08-30,361,7
2022-08-31,596,6
2022-09-01,528,6
2022-09-02,576,6
2022-09-03,505,4
2022-09-04,600,5
2022-09-05,450,5
2022-09-06,521,6
2022-09-07,480,6
2022-09-08,513,6
2022-09-09,536,6
2022-09-12,481,6
2022-09-13,580,6
2022-09-14,474,6
2022-09-15,576,6
2022-09-16,505,6
2022-09-17,538,3
2022-09-18,409,4
2022-09-19,423,6
2022-09-20,517,6
2022-09-21,472,6
2022-09-22,536,6
2022-09-23,574,6
2022-09-24,631,9
2022-09-25,363,9
2022-09-26,416,6
2022-09-27,434,4
2022-09-28,515,6
2022-09-29,479,6
2022-09-30,487,5
2022-10-01,678,5
2022-10-02,565,5
2022-10-03,405,6
2022-10-04,444,6
2022-10-05,420,6
2022-10-06,495,6
2022-10-07,642,6
2022-10-08,552,4
2022-10-09,287,4
2022-10-10,318,5
2022-10-11,397,6
2022-10-12,386,6
2022-10-13,355,6
2022-10-14,380,6
2022-10-15,659,8
2022-10-16,384,7
2022-10-17,432,6
2022-10-18,469,6
2022-10-19,387,5
2022-10-20,469,6
2022-10-21,468,6
2022-10-22,637,9
2022-10-23,462,9
2022-10-24,295,5
2022-10-25,459,6
2022-10-26,479,6
2022-10-27,479,6
2022-10-28,581,6
2022-10-29,1170,15
2022-10-30,720,15
2022-10-31,377,6
2022-11-01,440,6
2022-11-02,539,6
2022-11-03,457,6
2022-11-04,408,5
2022-11-05,736,9
2022-11-06,489,9
2022-11-07,370,6
2022-11-08,436,6
2022-11-09,521,6
2022-11-10,429,6
2022-11-11,416,6
2022-11-12,629,9
2022-11-13,485,9
2022-11-14,410,6
2022-11-15,419,6
2022-11-16,441,6
2022-11-17,487,6
2022-11-18,431,5
2022-11-19,578,9
2022-11-20,360,7
2022-11-21,408,6
2022-11-22,435,6
2022-11-23,378,5
2022-11-24,388,5
2022-11-25,428,6
2022-11-26,613,9
2022-11-27,369,9
2022-11-28,438,6
2022-11-29,408,6
2022-11-30,473,6
2022-12-01,513,6
2022-12-02,474,6
2022-12-03,534,9
2022-12-04,403,9
2022-12-05,355,6
2022-12-06,344,5
2022-12-07,430,6
2022-12-08,497,6
2022-12-09,486,6
2022-12-10,679,9
2022-12-11,428,9
2022-12-12,411,6
2022-12-13,456,6
2022-12-14,477,6
2022-12-15,453,8
2022-12-16,532,8
2022-12-19,279,6
2022-12-20,407,6
2022-12-21,413,6
2022-12-22,610,6
2022-12-23,275,8
2022-12-24,184,8
2022-12-25,121,4
2022-12-26,366,7
2022-12-27,585,9
2022-12-28,482,6
2022-12-29,500,5
2022-12-30,492,6
2022-12-31,492,9
