date,ridership Lakeshore West,total_train_trips Lakeshore West
2019-01-01,7056,72
2019-01-02,29978,107
2019-01-03,34463,108
2019-01-04,30343,102
2019-01-05,11118,69
2019-01-06,7836,69
2019-01-07,42187,90
2019-01-08,42896,106
2019-01-09,41465,105
2019-01-10,40761,106
2019-01-11,41271,104
2019-01-12,11577,69
2019-01-13,5926,72
2019-01-14,42713,105
2019-01-15,41707,106
2019-01-16,41405,106
2019-01-17,42655,104
2019-01-18,39972,106
2019-01-19,14370,60
2019-01-20,9199,63
2019-01-21,35471,84
2019-01-22,42574,91
2019-01-23,42879,101
2019-01-24,41582,103
2019-01-25,38931,107
2019-01-26,11005,56
2019-01-27,7187,58
2019-01-28,39264,95
2019-01-29,27793,101
2019-01-30,39718,84
2019-01-31,40225,87
2019-02-01,38114,106
2019-02-02,11554,69
2019-02-03,8198,71
2019-02-04,42072,105
2019-02-05,40818,72
2019-02-06,36154,106
2019-02-07,40549,108
2019-02-08,37851,108
2019-02-09,9389,71
2019-02-10,6963,71
2019-02-11,41929,107
2019-02-12,23715,93
2019-02-13,39563,105
2019-02-14,42824,104
2019-02-15,38828,104
2019-02-16,14571,68
2019-02-17,8472,54
2019-02-18,9534,67
2019-02-19,42059,106
2019-02-20,41730,99
2019-02-21,43068,106
2019-02-22,39987,104
2019-02-23,14420,57
2019-02-24,8499,55
2019-02-25,41610,105
2019-02-26,43782,99
2019-02-27,36785,78
2019-02-28,40370,99
2019-03-01,40420,103
2019-03-02,13055,72
2019-03-03,10596,73
2019-03-04,41091,101
2019-03-05,42482,112
2019-03-06,41225,112
2019-03-07,42816,112
2019-03-08,41563,111
2019-03-09,12920,72
2019-03-10,8561,70
2019-03-11,40700,111
2019-03-12,39808,107
2019-03-13,42244,111
2019-03-14,41896,112
2019-03-15,39191,113
2019-03-16,15502,72
2019-03-17,12709,71
2019-03-18,40508,111
2019-03-19,40361,111
2019-03-20,42936,110
2019-03-21,40751,112
2019-03-22,39711,113
2019-03-23,13017,71
2019-03-24,9772,72
2019-03-25,42849,112
2019-03-26,43049,112
2019-03-27,42366,113
2019-03-28,47026,110
2019-03-29,46107,113
2019-03-30,15037,70
2019-03-31,9243,73
2019-04-01,42786,111
2019-04-02,44296,113
2019-04-03,43745,111
2019-04-04,43186,112
2019-04-05,38808,113
2019-04-06,17242,72
2019-04-07,9068,72
2019-04-08,39993,111
2019-04-09,41926,112
2019-04-10,41083,113
2019-04-11,41782,112
2019-04-12,39363,101
2019-04-13,14534,36
2019-04-14,7529,35
2019-04-15,41868,112
2019-04-16,42638,112
2019-04-17,44106,112
2019-04-18,40153,113
2019-04-19,11452,70
2019-04-20,9136,72
2019-04-21,11507,72
2019-04-22,32616,113
2019-04-23,45477,109
2019-04-24,43995,112
2019-04-25,41388,112
2019-04-26,41707,113
2019-04-27,18794,65
2019-04-28,10955,70
2019-04-29,41293,113
2019-04-30,41168,113
2019-05-01,41087,113
2019-05-02,41556,111
2019-05-03,38997,108
2019-05-04,11279,38
2019-05-05,8497,38
2019-05-06,41719,111
2019-05-07,44674,113
2019-05-08,42923,111
2019-05-09,42455,113
2019-05-10,40320,104
2019-05-11,19536,72
2019-05-12,13761,70
2019-05-13,41040,112
2019-05-14,42467,112
2019-05-15,46645,113
2019-05-16,41587,111
2019-05-17,36338,113
2019-05-18,14217,79
2019-05-19,11102,79
2019-05-20,12484,79
2019-05-21,46015,95
2019-05-22,44461,111
2019-05-23,45228,111
2019-05-24,42541,113
2019-05-25,20139,72
2019-05-26,17935,71
2019-05-27,41226,113
2019-05-28,45841,112
2019-05-29,44143,111
2019-05-30,46308,113
2019-05-31,39037,108
2019-06-01,11389,38
2019-06-02,13216,41
2019-06-03,44500,111
2019-06-04,43145,113
2019-06-05,43549,113
2019-06-06,45343,113
2019-06-07,48371,106
2019-06-08,15458,72
2019-06-09,11073,72
2019-06-10,49862,113
2019-06-11,46980,113
2019-06-12,43354,113
2019-06-13,44834,113
2019-06-14,42185,110
2019-06-15,17103,72
2019-06-16,13006,73
2019-06-17,71920,110
2019-06-18,45623,113
2019-06-19,46709,113
2019-06-20,44430,108
2019-06-21,40634,105
2019-06-22,24190,48
2019-06-23,16670,45
2019-06-24,42647,111
2019-06-25,45431,113
2019-06-26,49427,110
2019-06-27,45454,110
2019-06-28,35547,111
2019-06-29,15763,79
2019-06-30,13932,79
2019-07-01,13205,79
2019-07-02,39870,112
2019-07-03,42912,111
2019-07-04,45591,113
2019-07-05,37973,114
2019-07-06,16649,79
2019-07-07,17558,79
2019-07-08,43174,113
2019-07-09,41521,88
2019-07-10,44595,111
2019-07-11,50022,113
2019-07-12,41868,113
2019-07-13,22328,79
2019-07-14,21828,80
2019-07-15,40595,110
2019-07-16,42876,113
2019-07-17,49592,113
2019-07-18,44621,111
2019-07-19,38556,109
2019-07-20,19241,86
2019-07-21,13487,88
2019-07-22,42255,113
2019-07-23,46307,112
2019-07-24,44262,113
2019-07-25,42146,113
2019-07-26,46430,113
2019-07-27,28018,80
2019-07-28,16507,80
2019-07-29,41956,113
2019-07-30,43163,113
2019-07-31,44673,113
2019-08-01,43732,113
2019-08-02,34222,113
2019-08-03,28388,84
2019-08-04,12796,79
2019-08-05,11135,79
2019-08-06,43866,111
2019-08-07,45595,112
2019-08-08,44494,112
2019-08-09,42007,113
2019-08-10,28619,78
2019-08-11,17027,67
2019-08-12,42513,111
2019-08-13,47127,113
2019-08-14,51038,110
2019-08-15,42283,113
2019-08-16,53717,113
2019-08-17,30438,78
2019-08-18,22017,73
2019-08-19,49262,111
2019-08-20,53201,112
2019-08-21,49917,113
2019-08-22,53236,106
2019-08-23,55264,114
2019-08-24,52840,82
2019-08-25,27787,80
2019-08-26,51779,113
2019-08-27,45776,112
2019-08-28,57380,108
2019-08-29,59668,110
2019-08-30,50729,112
2019-08-31,43286,86
2019-09-01,29264,84
2019-09-02,24463,85
2019-09-03,39679,102
2019-09-04,45274,114
2019-09-05,50483,113
2019-09-06,52490,113
2019-09-07,15599,79
2019-09-08,8570,79
2019-09-09,44311,114
2019-09-10,47209,114
2019-09-11,46788,112
2019-09-12,50014,113
2019-09-13,43993,115
2019-09-14,17498,79
2019-09-15,16138,79
2019-09-16,42908,113
2019-09-17,45154,113
2019-09-18,45044,113
2019-09-19,48383,113
2019-09-20,46550,113
2019-09-21,19035,79
2019-09-22,10571,76
2019-09-23,44410,114
2019-09-24,46307,114
2019-09-25,51788,113
2019-09-26,45055,111
2019-09-27,45975,115
2019-09-28,25607,77
2019-09-29,15443,80
2019-09-30,43215,113
2019-10-01,43685,114
2019-10-02,45610,113
2019-10-03,46480,110
2019-10-04,43417,114
2019-10-05,18658,64
2019-10-06,14485,79
2019-10-07,45135,114
2019-10-08,46979,112
2019-10-09,46664,113
2019-10-10,47237,112
2019-10-11,40755,113
2019-10-12,16720,78
2019-10-13,16250,78
2019-10-14,12622,79
2019-10-15,49212,112
2019-10-16,43829,112
2019-10-17,45267,113
2019-10-18,42144,110
2019-10-19,22633,78
2019-10-20,14115,78
2019-10-21,44860,114
2019-10-22,45556,114
2019-10-23,46501,114
2019-10-24,47187,110
2019-10-25,43081,114
2019-10-26,15053,79
2019-10-27,7838,79
2019-10-28,45596,112
2019-10-29,46863,114
2019-10-30,46330,113
2019-10-31,42139,113
2019-11-01,44344,112
2019-11-02,15090,77
2019-11-03,10542,79
2019-11-04,44437,114
2019-11-05,48072,114
2019-11-06,48329,113
2019-11-07,48578,114
2019-11-08,43334,114
2019-11-09,17177,79
2019-11-10,10922,79
2019-11-11,32710,112
2019-11-12,45338,106
2019-11-13,45711,113
2019-11-14,45015,114
2019-11-15,40652,100
2019-11-16,13670,79
2019-11-17,13378,79
2019-11-18,44602,114
2019-11-19,44331,112
2019-11-20,46708,111
2019-11-21,45029,113
2019-11-22,44460,112
2019-11-23,15764,79
2019-11-24,10380,79
2019-11-25,46140,114
2019-11-26,48199,114
2019-11-27,46555,113
2019-11-28,45130,111
2019-11-29,43939,106
2019-11-30,17132,80
2019-12-01,10503,80
2019-12-02,40682,112
2019-12-03,45553,107
2019-12-04,46786,112
2019-12-05,46173,112
2019-12-06,41113,114
2019-12-07,15011,79
2019-12-08,8669,78
2019-12-09,43556,114
2019-12-10,45762,113
2019-12-11,45378,114
2019-12-12,43358,114
2019-12-13,40266,113
2019-12-14,14249,76
2019-12-15,9435,79
2019-12-16,41823,107
2019-12-17,44600,114
2019-12-18,41683,114
2019-12-19,40930,114
2019-12-20,39233,114
2019-12-21,16520,79
2019-12-22,12673,79
2019-12-23,28061,113
2019-12-24,15596,110
2019-12-25,6413,79
2019-12-26,9170,80
2019-12-27,16502,114
2019-12-28,15314,79
2019-12-29,9680,79
2019-12-30,24265,113
2019-12-31,32203,218
2020-01-01,6747,79
2020-01-02,27715,113
2020-01-03,27000,114
2020-01-04,13513,78
2020-01-05,7100,79
2020-01-06,44210,114
2020-01-07,44002,114
2020-01-08,44713,114
2020-01-09,43137,114
2020-01-10,39895,113
2020-01-11,9528,78
2020-01-12,8253,78
2020-01-13,42852,114
2020-01-14,45709,114
2020-01-15,43612,114
2020-01-16,45505,114
2020-01-17,41317,106
2020-01-18,15122,75
2020-01-19,8878,78
2020-01-20,42340,112
2020-01-21,43461,111
2020-01-22,45951,112
2020-01-23,43851,114
2020-01-24,40519,112
2020-01-25,11711,77
2020-01-26,7885,79
2020-01-27,41989,114
2020-01-28,44614,114
2020-01-29,42903,114
2020-01-30,42980,113
2020-01-31,39893,114
2020-02-01,13228,79
2020-02-02,8528,79
2020-02-03,43103,114
2020-02-04,42698,113
2020-02-05,44178,113
2020-02-06,39944,112
2020-02-07,40493,114
2020-02-08,11745,78
2020-02-09,7360,79
2020-02-10,42771,114
2020-02-11,44042,113
2020-02-12,42600,113
2020-02-13,43580,112
2020-02-14,36511,111
2020-02-15,12454,79
2020-02-16,9954,79
2020-02-17,9380,79
2020-02-18,41625,105
2020-02-19,43313,113
2020-02-20,44908,114
2020-02-21,43487,113
2020-02-22,15728,79
2020-02-23,11741,80
2020-02-24,41428,106
2020-02-25,42715,95
2020-02-26,38628,110
2020-02-27,38281,103
2020-02-28,38799,113
2020-02-29,11394,79
2020-03-01,7204,79
2020-03-02,41352,99
2020-03-03,43115,107
2020-03-04,43873,113
2020-03-05,41837,113
2020-03-06,37951,114
2020-03-07,15543,79
2020-03-08,7456,77
2020-03-09,39304,111
2020-03-10,40738,114
2020-03-11,38236,114
2020-03-12,34438,114
2020-03-13,23987,114
2020-03-14,4212,79
2020-03-15,2805,79
2020-03-16,10169,114
2020-03-17,5994,114
2020-03-18,4295,81
2020-03-19,3504,81
2020-03-20,2946,82
2020-03-21,771,36
2020-03-22,599,37
2020-03-23,2202,80
2020-03-24,1850,82
2020-03-25,1473,82
2020-03-26,1394,82
2020-03-27,1375,82
2020-03-28,379,37
2020-03-29,356,37
2020-03-30,1310,82
2020-03-31,1325,80
2020-04-01,1253,80
2020-04-02,1200,81
2020-04-03,1127,80
2020-04-04,371,37
2020-04-05,323,37
2020-04-06,1047,79
2020-04-07,1012,78
2020-04-08,969,42
2020-04-09,958,42
2020-04-10,318,37
2020-04-11,345,37
2020-04-12,275,37
2020-04-13,763,42
2020-04-14,1001,42
2020-04-15,954,41
2020-04-16,927,42
2020-04-17,881,42
2020-04-18,394,36
2020-04-19,278,37
2020-04-20,943,42
2020-04-21,900,41
2020-04-22,947,42
2020-04-23,696,20
2020-04-24,934,42
2020-04-25,442,37
2020-04-26,295,36
2020-04-27,948,42
2020-04-28,928,42
2020-04-29,915,41
2020-04-30,928,42
2020-05-01,1020,42
2020-05-02,514,37
2020-05-03,502,37
2020-05-04,995,42
2020-05-05,982,42
2020-05-06,1055,41
2020-05-07,981,41
2020-05-08,1007,42
2020-05-09,466,37
2020-05-10,489,37
2020-05-11,1002,42
2020-05-12,1029,42
2020-05-13,1099,41
2020-05-14,1049,42
2020-05-15,1094,42
2020-05-16,839,37
2020-05-17,438,37
2020-05-18,422,37
2020-05-19,1265,42
2020-05-20,1339,42
2020-05-21,1340,42
2020-05-22,1375,40
2020-05-23,970,37
2020-05-24,647,37
2020-05-25,1426,42
2020-05-26,1385,42
2020-05-27,1386,42
2020-05-28,1362,42
2020-05-29,1438,42
2020-05-30,1121,37
2020-05-31,959,37
2020-06-01,1678,42
2020-06-02,1542,41
2020-06-03,1529,42
2020-06-04,1701,42
2020-06-05,1709,42
2020-06-06,1367,37
2020-06-07,1005,33
2020-06-08,1736,41
2020-06-09,1790,42
2020-06-10,1724,42
2020-06-11,1821,42
2020-06-12,1990,42
2020-06-13,1572,37
2020-06-14,1228,37
2020-06-15,1967,42
2020-06-16,2042,42
2020-06-17,2024,42
2020-06-18,2174,42
2020-06-19,2331,42
2020-06-20,2067,38
2020-06-21,1781,37
2020-06-22,2123,42
2020-06-23,2099,42
2020-06-24,2393,42
2020-06-25,2410,42
2020-06-26,2573,40
2020-06-27,1838,37
2020-06-28,1846,36
2020-06-29,2618,42
2020-06-30,2859,42
2020-07-01,2052,38
2020-07-02,2846,42
2020-07-03,3035,42
2020-07-04,2420,37
2020-07-05,2025,37
2020-07-06,2849,42
2020-07-07,2899,42
2020-07-08,2888,42
2020-07-09,2961,42
2020-07-10,3116,42
2020-07-11,2102,37
2020-07-12,1973,32
2020-07-13,2992,42
2020-07-14,3234,42
2020-07-15,3220,42
2020-07-16,2956,42
2020-07-17,3595,42
2020-07-18,2912,37
2020-07-19,1822,37
2020-07-20,3064,42
2020-07-21,3171,42
2020-07-22,2839,42
2020-07-23,3111,37
2020-07-24,3582,42
2020-07-25,3067,37
2020-07-26,2338,37
2020-07-27,3031,42
2020-07-28,3282,42
2020-07-29,3392,42
2020-07-30,3600,42
2020-07-31,4061,40
2020-08-01,3760,45
2020-08-02,2139,45
2020-08-03,2288,45
2020-08-04,3227,42
2020-08-05,3901,42
2020-08-06,3934,42
2020-08-07,4276,42
2020-08-08,3672,45
2020-08-09,2856,45
2020-08-10,3644,42
2020-08-11,3740,42
2020-08-12,4434,42
2020-08-13,4647,42
2020-08-14,4805,42
2020-08-15,4228,45
2020-08-16,2790,43
2020-08-17,4056,42
2020-08-18,4594,42
2020-08-19,4650,42
2020-08-20,4813,42
2020-08-21,5178,42
2020-08-22,4483,41
2020-08-23,3415,43
2020-08-24,4542,42
2020-08-25,4717,42
2020-08-26,4808,42
2020-08-27,4884,42
2020-08-28,5010,40
2020-08-29,4117,45
2020-08-30,3702,43
2020-08-31,4757,42
2020-09-01,5004,42
2020-09-02,4759,42
2020-09-03,5245,42
2020-09-04,5588,42
2020-09-05,4594,46
2020-09-06,3818,46
2020-09-07,3048,47
2020-09-08,4981,68
2020-09-09,5195,68
2020-09-10,5334,67
2020-09-11,5796,68
2020-09-12,4464,47
2020-09-13,2890,46
2020-09-14,4912,68
2020-09-15,5144,68
2020-09-16,5238,68
2020-09-17,5338,68
2020-09-18,5471,68
2020-09-19,3829,44
2020-09-20,3093,46
2020-09-21,4817,68
2020-09-22,5057,68
2020-09-23,5068,68
2020-09-24,5113,68
2020-09-25,5579,68
2020-09-26,3941,42
2020-09-27,3024,46
2020-09-28,4739,68
2020-09-29,4841,68
2020-09-30,4639,68
2020-10-01,4867,68
2020-10-02,4900,68
2020-10-03,3154,46
2020-10-04,2092,45
2020-10-05,4472,68
2020-10-06,4647,68
2020-10-07,4551,68
2020-10-08,4820,68
2020-10-09,5039,68
2020-10-10,3186,46
2020-10-11,2658,46
2020-10-12,2265,46
2020-10-13,4664,69
2020-10-14,4670,68
2020-10-15,4482,68
2020-10-16,4688,68
2020-10-17,2984,46
2020-10-18,2098,46
2020-10-19,4301,68
2020-10-20,4484,67
2020-10-21,4343,68
2020-10-22,4539,67
2020-10-23,4881,68
2020-10-24,2897,46
2020-10-25,2274,46
2020-10-26,4338,68
2020-10-27,4462,68
2020-10-28,4732,68
2020-10-29,4721,68
2020-10-30,4871,68
2020-10-31,2922,46
2020-11-01,2106,46
2020-11-02,4453,68
2020-11-03,4586,68
2020-11-04,4653,68
2020-11-05,4839,68
2020-11-06,5093,68
2020-11-07,3237,46
2020-11-08,2434,38
2020-11-09,4624,67
2020-11-10,4846,68
2020-11-11,4433,68
2020-11-12,4776,68
2020-11-13,4826,68
2020-11-14,2707,44
2020-11-15,1807,45
2020-11-16,4174,68
2020-11-17,4373,68
2020-11-18,4227,68
2020-11-19,4410,67
2020-11-20,4207,51
2020-11-21,2260,46
2020-11-22,1708,45
2020-11-23,3713,69
2020-11-24,3780,66
2020-11-25,3804,68
2020-11-26,3904,68
2020-11-27,3654,56
2020-11-30,3679,68
2020-12-01,3939,67
2020-12-02,3803,68
2020-12-03,3979,67
2020-12-04,3984,68
2020-12-05,1940,46
2020-12-06,1509,45
2020-12-07,3725,68
2020-12-08,3880,68
2020-12-09,3766,68
2020-12-10,3933,68
2020-12-11,3968,68
2020-12-12,1697,46
2020-12-13,1508,46
2020-12-14,3651,68
2020-12-15,3769,68
2020-12-16,3699,68
2020-12-17,3747,68
2020-12-18,3823,68
2020-12-19,1921,46
2020-12-20,1466,46
2020-12-21,3312,68
2020-12-22,3372,68
2020-12-23,3343,68
2020-12-24,2555,67
2020-12-25,1177,44
2020-12-26,1135,46
2020-12-27,1137,46
2020-12-28,1271,43
2020-12-29,2221,68
2020-12-30,2170,67
2020-12-31,2140,68
2021-01-01,911,46
2021-01-02,1161,44
2021-01-03,1037,46
2021-01-04,2894,68
2021-01-05,3019,68
2021-01-06,3017,67
2021-01-07,2984,68
2021-01-08,3007,68
2021-01-09,1318,38
2021-01-10,1082,38
2021-01-11,3085,68
2021-01-12,2978,68
2021-01-13,3083,68
2021-01-14,2626,68
2021-01-15,2522,68
2021-01-16,935,38
2021-01-17,742,38
2021-01-18,2590,68
2021-01-19,2673,68
2021-01-20,2581,68
2021-01-21,2692,68
2021-01-22,2700,68
2021-01-23,1027,37
2021-01-24,833,38
2021-01-25,2665,68
2021-01-26,2698,68
2021-01-27,2624,66
2021-01-28,2692,68
2021-01-29,2759,68
2021-01-30,1134,38
2021-01-31,907,38
2021-02-01,2694,68
2021-02-02,2716,68
2021-02-03,2744,68
2021-02-04,2815,68
2021-02-05,2760,68
2021-02-06,1161,38
2021-02-07,909,38
2021-02-08,2731,68
2021-02-09,2822,68
2021-02-10,2806,68
2021-02-11,2910,67
2021-02-12,2869,68
2021-02-13,1317,38
2021-02-14,1090,38
2021-02-15,1225,38
2021-02-16,2738,68
2021-02-17,3200,66
2021-02-18,3241,67
2021-02-19,3251,68
2021-02-20,1529,38
2021-02-21,1267,39
2021-02-22,3072,68
2021-02-23,3252,68
2021-02-24,3252,68
2021-02-25,3318,68
2021-02-26,3478,68
2021-02-27,1716,38
2021-02-28,1308,38
2021-03-01,3232,68
2021-03-02,3324,68
2021-03-03,3318,68
2021-03-04,3377,68
2021-03-05,3543,68
2021-03-06,1770,38
2021-03-07,1455,39
2021-03-08,3444,68
2021-03-09,3641,68
2021-03-10,3771,69
2021-03-11,3647,68
2021-03-12,3814,63
2021-03-13,1904,28
2021-03-14,1489,32
2021-03-15,3442,67
2021-03-16,3527,64
2021-03-17,3645,68
2021-03-18,3624,68
2021-03-19,3936,68
2021-03-20,2430,39
2021-03-21,1837,39
2021-03-22,3687,68
2021-03-23,3701,68
2021-03-24,3711,66
2021-03-25,3905,68
2021-03-26,3672,68
2021-03-27,2350,38
2021-03-28,1482,37
2021-03-29,3723,68
2021-03-30,3966,68
2021-03-31,3754,65
2021-04-01,3709,57
2021-04-05,2933,68
2021-04-06,3559,68
2021-04-07,3442,65
2021-04-08,3255,67
2021-04-09,3073,68
2021-04-10,1507,39
2021-04-11,957,38
2021-04-12,2918,68
2021-04-13,2943,68
2021-04-14,2980,68
2021-04-15,2987,68
2021-04-16,2897,68
2021-04-17,1099,38
2021-04-18,975,39
2021-04-19,2717,68
2021-04-20,2677,67
2021-04-21,2563,67
2021-04-22,2735,67
2021-04-23,2894,68
2021-04-24,1329,38
2021-04-25,1016,39
2021-04-26,2744,68
2021-04-27,2790,68
2021-04-28,2726,68
2021-04-29,2729,66
2021-04-30,2903,68
2021-05-01,1352,38
2021-05-02,1075,38
2021-05-03,2798,68
2021-05-04,2746,68
2021-05-05,2805,68
2021-05-06,3045,68
2021-05-07,3027,68
2021-05-08,1535,38
2021-05-09,1442,38
2021-05-10,2982,68
2021-05-11,3005,68
2021-05-12,3066,68
2021-05-13,3093,68
2021-05-14,3295,68
2021-05-15,2040,38
2021-05-16,1470,38
2021-05-17,3128,68
2021-05-18,3153,68
2021-05-19,3243,68
2021-05-20,3332,68
2021-05-21,3176,57
2021-05-25,3401,68
2021-05-26,3219,68
2021-05-27,3490,68
2021-05-28,3160,68
2021-05-29,2082,38
2021-05-30,1793,37
2021-05-31,3434,68
2021-06-01,3521,68
2021-06-02,3483,68
2021-06-03,3452,68
2021-06-04,3879,67
2021-06-05,2855,38
2021-06-06,2262,38
2021-06-07,3635,68
2021-06-08,3462,68
2021-06-09,3686,68
2021-06-10,3823,67
2021-06-11,4478,68
2021-06-12,3281,36
2021-06-13,2414,38
2021-06-14,3694,67
2021-06-15,4187,68
2021-06-16,4269,68
2021-06-17,4515,68
2021-06-18,4304,68
2021-06-19,3722,38
2021-06-20,3198,45
2021-06-21,4034,68
2021-06-22,4355,68
2021-06-23,4580,68
2021-06-24,4720,68
2021-06-25,4554,59
2021-06-26,2964,46
2021-06-27,3173,48
2021-06-28,4343,68
2021-06-29,4378,68
2021-06-30,5224,68
2021-07-01,3020,46
2021-07-02,4266,68
2021-07-03,4553,46
2021-07-04,3310,38
2021-07-05,4774,68
2021-07-06,4888,68
2021-07-07,4848,68
2021-07-08,4568,68
2021-07-09,5615,68
2021-07-10,6860,81
2021-07-11,4543,82
2021-07-12,5132,68
2021-07-13,5149,68
2021-07-14,5545,68
2021-07-15,5517,68
2021-07-16,5934,68
2021-07-17,4259,46
2021-07-18,3872,46
2021-07-19,5430,69
2021-07-20,5515,68
2021-07-21,7358,69
2021-07-22,6252,68
2021-07-23,6354,54
2021-07-24,5001,81
2021-07-25,4599,78
2021-07-26,5626,68
2021-07-27,5724,68
2021-07-28,6806,68
2021-07-29,6073,67
2021-07-30,8340,67
2021-07-31,6155,68
2021-08-01,5999,82
2021-08-02,5739,82
2021-08-03,7220,66
2021-08-04,7662,68
2021-08-05,7832,66
2021-08-06,8580,69
2021-08-07,8681,74
2021-08-08,6121,82
2021-08-09,6375,113
2021-08-10,6540,111
2021-08-11,6906,112
2021-08-12,7235,110
2021-08-13,9070,113
2021-08-14,9108,81
2021-08-15,5885,84
2021-08-16,6975,111
2021-08-17,7061,112
2021-08-18,7666,112
2021-08-19,8150,112
2021-08-20,9540,107
2021-08-21,8635,83
2021-08-22,6049,83
2021-08-23,7970,112
2021-08-24,8413,110
2021-08-25,8945,111
2021-08-26,8994,112
2021-08-27,8718,111
2021-08-28,7817,82
2021-08-29,4834,82
2021-08-30,8349,112
2021-08-31,9135,112
2021-09-01,9674,112
2021-09-02,11590,109
2021-09-03,9750,111
2021-09-04,8368,81
2021-09-05,6911,81
2021-09-06,4877,82
2021-09-07,7642,125
2021-09-08,9747,125
2021-09-09,8200,125
2021-09-10,10527,126
2021-09-11,5823,46
2021-09-12,3971,46
2021-09-13,8599,126
2021-09-14,9748,126
2021-09-15,9665,126
2021-09-16,9021,124
2021-09-17,10447,125
2021-09-18,8516,82
2021-09-19,5683,82
2021-09-20,8263,126
2021-09-21,8553,126
2021-09-22,8463,126
2021-09-23,8838,126
2021-09-24,11446,126
2021-09-25,6612,82
2021-09-26,5003,81
2021-09-27,8260,125
2021-09-28,10469,126
2021-09-29,11771,116
2021-09-30,11051,126
2021-10-01,11375,126
2021-10-02,8168,82
2021-10-03,6312,80
2021-10-04,8466,126
2021-10-05,10160,126
2021-10-06,10721,124
2021-10-07,10491,123
2021-10-08,10041,125
2021-10-09,6503,81
2021-10-10,5891,78
2021-10-11,5730,81
2021-10-12,9945,126
2021-10-13,14556,127
2021-10-14,10092,112
2021-10-15,9627,125
2021-10-16,7854,82
2021-10-17,5036,82
2021-10-18,9918,133
2021-10-19,10004,131
2021-10-20,11117,134
2021-10-21,10358,133
2021-10-22,11803,132
2021-10-23,8425,82
2021-10-24,5562,82
2021-10-25,9169,133
2021-10-26,9531,132
2021-10-27,11740,118
2021-10-28,10475,132
2021-10-29,10926,132
2021-10-30,6804,82
2021-10-31,4582,83
2021-11-01,9230,132
2021-11-02,11401,135
2021-11-03,11217,134
2021-11-04,11861,134
2021-11-05,11171,135
2021-11-06,7146,82
2021-11-07,6301,82
2021-11-08,10601,134
2021-11-09,10356,134
2021-11-10,11073,133
2021-11-11,10072,135
2021-11-12,12345,133
2021-11-14,1,1
2021-11-15,9772,130
2021-11-16,12831,133
2021-11-17,11189,134
2021-11-18,12267,134
2021-11-19,10647,134
2021-11-20,1138,4
2021-11-22,9512,130
2021-11-23,10849,133
2021-11-24,11301,133
2021-11-25,12382,133
2021-11-26,12046,132
2021-11-27,6252,82
2021-11-28,4671,83
2021-11-29,9206,74
2021-11-30,11620,74
2021-12-01,12558,74
2021-12-02,12190,74
2021-12-03,10934,74
2021-12-04,6566,82
2021-12-05,7293,74
2021-12-06,9127,132
2021-12-07,12112,133
2021-12-08,12371,135
2021-12-09,12118,133
2021-12-10,11734,135
2021-12-11,6348,82
2021-12-12,4533,82
2021-12-13,9968,135
2021-12-14,10109,134
2021-12-15,10169,132
2021-12-16,9461,130
2021-12-17,9079,135
2021-12-18,5547,82
2021-12-19,3945,82
2021-12-20,6386,132
2021-12-21,6705,132
2021-12-22,6611,131
2021-12-23,6031,133
2021-12-24,4335,132
2021-12-25,2082,82
2021-12-26,2831,82
2021-12-27,3095,82
2021-12-28,3935,81
2021-12-29,4559,132
2021-12-30,4347,131
2021-12-31,4052,131
2022-01-01,2720,82
2022-01-02,3117,82
2022-01-03,3122,82
2022-01-04,4840,131
2022-01-05,4105,129
2022-01-06,3868,125
2022-01-07,4050,132
2022-01-09,1990,82
2022-01-10,3812,112
2022-01-11,3725,116
2022-01-12,4093,119
2022-01-13,3902,110
2022-01-14,4317,116
2022-01-15,2328,74
2022-01-16,2241,73
2022-01-17,1746,112
2022-01-18,3540,69
2022-01-19,4659,69
2022-01-20,4603,69
2022-01-21,4930,69
2022-01-22,2934,38
2022-01-23,2262,38
2022-01-24,4763,69
2022-01-25,4884,69
2022-01-26,4697,69
2022-01-27,5203,69
2022-01-28,5419,69
2022-01-29,2783,38
2022-01-30,3008,38
2022-01-31,5611,69
2022-02-01,6320,69
2022-02-02,5719,69
2022-02-03,5195,69
2022-02-04,6361,69
2022-02-05,5377,40
2022-02-07,6784,69
2022-02-08,7127,69
2022-02-09,7208,69
2022-02-10,7325,69
2022-02-11,7482,69
2022-02-12,5151,37
2022-02-14,6982,69
2022-02-15,7510,69
2022-02-16,7731,69
2022-02-17,8017,69
2022-02-18,7299,69
2022-02-19,5884,38
2022-02-20,5110,38
2022-02-21,4679,38
2022-02-22,7872,70
2022-02-23,8644,69
2022-02-24,9420,69
2022-02-25,8197,69
2022-02-26,5582,38
2022-02-27,4174,38
2022-02-28,8567,69
2022-03-01,10436,70
2022-03-02,11415,69
2022-03-03,11094,69
2022-03-04,11018,69
2022-03-05,10936,40
2022-03-06,4839,38
2022-03-07,8995,70
2022-03-08,12129,69
2022-03-09,12282,69
2022-03-10,12818,69
2022-03-11,12003,69
2022-03-12,6792,38
2022-03-13,5646,39
2022-03-14,10395,70
2022-03-15,12210,69
2022-03-16,12248,69
2022-03-17,14909,69
2022-03-18,13478,69
2022-03-19,11733,39
2022-03-20,6806,38
2022-03-21,10169,70
2022-03-22,11783,69
2022-03-23,12683,69
2022-03-24,13469,70
2022-03-25,12294,69
2022-03-26,8619,38
2022-03-27,12289,38
2022-03-28,11247,70
2022-03-29,12043,69
2022-03-30,13141,69
2022-03-31,14150,69
2022-04-01,11076,69
2022-04-02,10927,72
2022-04-03,1681,4
2022-04-04,11490,81
2022-04-05,14103,81
2022-04-06,14816,81
2022-04-07,14297,81
2022-04-08,17092,81
2022-04-09,14430,73
2022-04-10,2696,4
2022-04-11,10870,81
2022-04-12,14679,81
2022-04-13,13621,81
2022-04-14,14408,81
2022-04-15,9839,74
2022-04-16,13858,74
2022-04-17,10010,74
2022-04-18,9074,81
2022-04-19,14050,81
2022-04-20,14822,81
2022-04-21,12771,81
2022-04-22,12196,81
2022-04-23,9108,74
2022-04-24,7507,74
2022-04-25,12877,81
2022-04-26,17233,81
2022-04-27,15910,81
2022-04-28,17752,81
2022-04-29,18282,81
2022-04-30,18552,75
2022-05-01,12207,75
2022-05-02,15706,81
2022-05-03,17558,81
2022-05-04,19836,81
2022-05-05,16376,81
2022-05-06,13960,81
2022-05-07,10840,74
2022-05-08,8761,74
2022-05-09,13183,81
2022-05-10,17712,81
2022-05-11,16787,81
2022-05-12,16831,81
2022-05-13,15633,81
2022-05-14,18863,74
2022-05-15,9293,75
2022-05-16,15279,81
2022-05-17,18240,81
2022-05-18,20184,81
2022-05-19,16707,81
2022-05-20,15716,81
2022-05-21,16269,80
2022-05-22,15942,80
2022-05-23,8760,80
2022-05-24,16542,81
2022-05-25,17446,81
2022-05-26,17227,81
2022-05-27,13487,81
2022-05-28,16274,80
2022-05-29,11516,80
2022-05-30,16610,82
2022-05-31,19672,81
2022-06-01,19491,81
2022-06-02,21469,81
2022-06-03,20877,82
2022-06-04,19833,45
2022-06-05,17843,45
2022-06-06,14560,82
2022-06-07,18886,81
2022-06-08,20339,81
2022-06-09,21223,81
2022-06-10,16960,82
2022-06-11,18393,80
2022-06-12,13306,81
2022-06-13,17928,81
2022-06-14,22878,81
2022-06-15,22316,80
2022-06-16,24927,81
2022-06-17,20243,78
2022-06-18,26161,79
2022-06-19,18789,81
2022-06-20,15729,81
2022-06-21,20941,80
2022-06-22,26264,81
2022-06-23,22455,81
2022-06-24,20362,81
2022-06-25,27960,79
2022-06-26,22687,80
2022-06-27,17748,81
2022-06-28,23097,81
2022-06-29,28247,81
2022-06-30,21113,81
2022-07-01,21477,80
2022-07-02,33230,80
2022-07-03,17349,81
2022-07-04,15271,80
2022-07-05,19122,81
2022-07-06,22350,80
2022-07-07,18705,80
2022-07-08,20706,81
2022-07-09,27809,80
2022-07-10,13870,80
2022-07-11,16015,81
2022-07-12,20678,82
2022-07-13,21447,80
2022-07-14,23029,81
2022-07-15,22637,81
2022-07-16,27969,73
2022-07-17,27635,80
2022-07-18,14226,80
2022-07-19,19958,79
2022-07-20,22559,78
2022-07-21,20091,78
2022-07-22,16757,78
2022-07-23,24530,80
2022-07-24,11091,80
2022-07-25,15002,80
2022-07-26,24265,81
2022-07-27,26409,81
2022-07-28,21656,80
2022-07-29,18942,81
2022-07-30,38618,101
2022-07-31,22495,80
2022-08-01,9435,80
2022-08-02,18705,79
2022-08-03,19332,80
2022-08-04,17292,77
2022-08-05,14959,76
2022-08-06,23684,74
2022-08-07,14025,80
2022-08-08,18809,75
2022-08-09,19389,81
2022-08-10,20972,79
2022-08-11,19736,80
2022-08-12,21281,80
2022-08-13,33808,80
2022-08-14,20487,81
2022-08-15,20239,74
2022-08-16,27976,78
2022-08-17,31136,78
2022-08-18,21403,78
2022-08-19,28508,78
2022-08-20,38515,80
2022-08-21,25344,80
2022-08-22,24826,80
2022-08-23,30179,79
2022-08-24,34773,80
2022-08-25,27347,80
2022-08-26,36220,77
2022-08-27,57369,80
2022-08-28,42325,81
2022-08-29,27668,78
2022-08-30,29889,112
2022-08-31,43217,78
2022-09-01,37375,79
2022-09-02,30544,80
2022-09-03,43725,80
2022-09-04,43037,80
2022-09-05,24429,80
2022-09-06,21987,78
2022-09-07,27636,79
2022-09-08,29683,78
2022-09-09,25669,75
2022-09-10,23327,81
2022-09-11,16480,80
2022-09-12,20221,78
2022-09-13,27500,79
2022-09-14,27447,79
2022-09-15,26830,79
2022-09-16,22319,79
2022-09-17,27787,80
2022-09-18,17819,80
2022-09-19,18096,78
2022-09-20,25418,79
2022-09-21,25178,79
2022-09-22,29236,79
2022-09-23,25375,78
2022-09-24,18735,80
2022-09-25,9479,81
2022-09-26,20369,76
2022-09-27,26758,78
2022-09-28,29538,79
2022-09-29,23897,78
2022-09-30,25419,79
2022-10-01,28210,81
2022-10-02,21328,82
2022-10-03,18992,80
2022-10-04,23394,79
2022-10-05,26617,79
2022-10-06,25051,78
2022-10-07,23328,78
2022-10-08,25524,81
2022-10-09,14038,80
2022-10-10,9397,80
2022-10-11,23016,80
2022-10-12,26129,80
2022-10-13,25387,80
2022-10-14,17473,80
2022-10-15,12460,47
2022-10-16,10331,42
2022-10-17,19937,80
2022-10-18,23729,79
2022-10-19,26372,79
2022-10-20,25575,80
2022-10-21,18513,78
2022-10-22,14552,77
2022-10-24,18877,79
2022-10-25,23704,79
2022-10-26,25548,79
2022-10-27,24491,80
2022-10-28,19192,80
2022-10-29,15292,40
2022-10-30,8070,42
2022-10-31,17757,83
2022-11-01,23169,84
2022-11-02,27554,84
2022-11-03,23955,84
2022-11-04,18806,84
2022-11-05,16864,77
2022-11-06,3034,22
2022-11-07,19862,81
2022-11-08,26434,84
2022-11-09,26721,83
2022-11-10,26212,84
2022-11-11,18952,84
2022-11-12,16009,79
2022-11-13,13801,78
2022-11-14,18901,84
2022-11-15,24763,84
2022-11-16,24495,84
2022-11-17,24431,84
2022-11-18,17282,84
2022-11-19,13112,79
2022-11-20,9573,79
2022-11-21,18687,84
2022-11-22,23172,83
2022-11-23,24789,83
2022-11-24,23419,83
2022-11-25,20150,84
2022-11-26,15182,85
2022-11-27,8306,79
2022-11-28,19298,84
2022-11-29,24060,84
2022-11-30,25485,83
2022-12-01,25512,84
2022-12-02,19941,84
2022-12-03,13383,78
2022-12-04,9280,78
2022-12-05,19006,92
2022-12-06,23137,90
2022-12-07,26192,91
2022-12-08,26544,90
2022-12-09,19565,91
2022-12-10,14973,80
2022-12-11,9243,79
2022-12-12,19083,91
2022-12-13,24834,87
2022-12-14,26171,90
2022-12-15,17191,84
2022-12-16,18182,85
2022-12-17,13272,79
2022-12-18,10080,77
2022-12-19,15668,91
2022-12-20,22118,91
2022-12-21,19439,89
2022-12-22,18544,89
2022-12-23,7950,81
2022-12-24,6680,78
2022-12-25,5023,78
2022-12-26,7157,78
2022-12-27,10672,78
2022-12-28,11942,92
2022-12-29,13565,90
2022-12-30,14064,91
2022-12-31,8579,79
